index,date,season,yr,mnth,hr,holiday,weekday,workingday,weathersit,temp,hum,windspeed,cnt,day_night
5,2011-01-01,0,0,1,4,0,6,0,1,0.24,0.75,0.0,1,0
6,2011-01-01,0,0,1,5,0,6,0,2,0.24,0.75,0.0896,1,0
31,2011-01-02,0,0,1,7,0,0,0,2,0.4,0.76,0.194,1,1
50,2011-01-03,0,0,1,4,0,1,1,1,0.16,0.47,0.3881,1,0
72,2011-01-04,0,0,1,2,0,2,1,1,0.14,0.63,0.1343,1,0
119,2011-01-06,0,0,1,4,0,4,1,2,0.16,0.64,0.0896,1,0
141,2011-01-07,0,0,1,2,0,5,1,2,0.2,0.69,0.2239,1,0
142,2011-01-07,0,0,1,4,0,5,1,2,0.2,0.69,0.1343,1,0
166,2011-01-08,0,0,1,4,0,6,0,3,0.18,0.55,0.1642,1,0
190,2011-01-09,0,0,1,4,0,0,0,1,0.08,0.53,0.194,1,0
191,2011-01-09,0,0,1,5,0,0,0,1,0.08,0.53,0.194,1,0
192,2011-01-09,0,0,1,6,0,0,0,1,0.1,0.49,0.2836,1,1
211,2011-01-10,0,0,1,1,0,1,1,1,0.12,0.5,0.2836,1,0
213,2011-01-10,0,0,1,3,0,1,1,1,0.12,0.5,0.2239,1,0
258,2011-01-12,0,0,1,2,0,3,1,1,0.14,0.86,0.1343,1,0
304,2011-01-14,0,0,1,2,0,5,1,1,0.1,0.54,0.1343,1,0
305,2011-01-14,0,0,1,3,0,5,1,1,0.1,0.54,0.1045,1,0
330,2011-01-15,0,0,1,5,0,6,0,1,0.16,0.59,0.0,1,0
353,2011-01-16,0,0,1,4,0,0,0,1,0.26,0.56,0.1642,1,0
355,2011-01-16,0,0,1,6,0,0,0,2,0.26,0.56,0.1642,1,1
378,2011-01-17,0,0,1,5,1,1,0,2,0.18,0.43,0.1642,1,0
435,2011-01-20,0,0,1,3,0,4,1,1,0.26,0.56,0.1642,1,0
436,2011-01-20,0,0,1,4,0,4,1,1,0.26,0.56,0.1642,1,0
459,2011-01-21,0,0,1,3,0,5,1,3,0.22,0.8,0.2985,1,0
460,2011-01-21,0,0,1,4,0,5,1,2,0.22,0.87,0.0896,1,0
508,2011-01-23,0,0,1,6,0,0,0,2,0.04,0.57,0.1045,1,1
527,2011-01-24,0,0,1,1,0,1,1,1,0.04,0.45,0.194,1,0
528,2011-01-24,0,0,1,3,0,1,1,1,0.04,0.45,0.2537,1,0
529,2011-01-24,0,0,1,4,0,1,1,1,0.02,0.48,0.1343,1,0
552,2011-01-25,0,0,1,4,0,2,1,1,0.14,0.74,0.1045,1,0
575,2011-01-26,0,0,1,5,0,3,1,3,0.2,0.86,0.2836,1,0
599,2011-01-28,0,0,1,3,0,5,1,2,0.2,0.75,0.1045,1,0
646,2011-01-30,0,0,1,4,0,0,0,1,0.14,0.93,0.0,1,0
667,2011-01-31,0,0,1,2,0,1,1,1,0.22,0.64,0.194,1,0
715,2011-02-02,0,0,2,3,0,3,1,3,0.22,0.93,0.1343,1,0
716,2011-02-02,0,0,2,4,0,3,1,3,0.22,0.93,0.2836,1,0
739,2011-02-03,0,0,2,3,0,4,1,1,0.18,0.43,0.2537,1,0
761,2011-02-04,0,0,2,2,0,5,1,2,0.14,0.63,0.1045,1,0
762,2011-02-04,0,0,2,3,0,5,1,2,0.14,0.63,0.1045,1,0
811,2011-02-06,0,0,2,5,0,0,0,1,0.26,0.6,0.2239,1,0
812,2011-02-06,0,0,2,6,0,0,0,1,0.26,0.6,0.2239,1,1
833,2011-02-07,0,0,2,3,0,1,1,1,0.2,0.86,0.0,1,0
857,2011-02-08,0,0,2,3,0,2,1,3,0.28,0.93,0.1642,1,0
904,2011-02-10,0,0,2,4,0,4,1,2,0.14,0.59,0.2239,1,0
951,2011-02-12,0,0,2,5,0,6,0,1,0.12,0.74,0.0896,1,0
1020,2011-02-15,0,0,2,4,0,2,1,1,0.22,0.37,0.5224,1,0
1042,2011-02-16,0,0,2,3,0,3,1,2,0.2,0.47,0.194,1,0
1043,2011-02-16,0,0,2,4,0,3,1,1,0.2,0.51,0.194,1,0
1091,2011-02-18,0,0,2,4,0,5,1,1,0.46,0.67,0.2537,1,0
1139,2011-02-20,0,0,2,4,0,0,0,1,0.22,0.44,0.5522,1,0
1162,2011-02-21,0,0,2,4,1,1,0,1,0.32,0.45,0.1642,1,0
1202,2011-02-23,0,0,2,2,0,3,1,1,0.12,0.5,0.1343,1,0
1318,2011-02-28,0,0,2,3,0,1,1,3,0.32,0.93,0.1642,1,0
1342,2011-03-01,1,0,3,4,0,2,1,1,0.22,0.69,0.2537,1,0
1366,2011-03-02,1,0,3,4,0,3,1,1,0.2,0.75,0.1343,1,0
1387,2011-03-03,1,0,3,1,0,4,1,1,0.24,0.3,0.4627,1,0
1389,2011-03-03,1,0,3,3,0,4,1,1,0.2,0.27,0.4627,1,0
1390,2011-03-03,1,0,3,4,0,4,1,1,0.16,0.31,0.4925,1,0
1413,2011-03-04,1,0,3,3,0,5,1,2,0.18,0.74,0.2537,1,0
1414,2011-03-04,1,0,3,4,0,5,1,2,0.18,0.74,0.194,1,0
1438,2011-03-05,1,0,3,4,0,6,0,2,0.3,0.93,0.1642,1,0
1483,2011-03-07,1,0,3,3,0,1,1,1,0.2,0.8,0.5821,1,0
1484,2011-03-07,1,0,3,4,0,1,1,1,0.2,0.8,0.5224,1,0
1485,2011-03-07,1,0,3,5,0,1,1,1,0.2,0.75,0.3582,1,0
1506,2011-03-08,1,0,3,2,0,2,1,1,0.24,0.52,0.1343,1,0
1554,2011-03-10,1,0,3,2,0,4,1,3,0.34,0.0,0.2537,1,0
1601,2011-03-12,1,0,3,4,0,6,0,1,0.24,0.65,0.2537,1,0
1645,2011-03-14,1,0,3,1,0,1,1,1,0.26,0.65,0.0896,1,0
1646,2011-03-14,1,0,3,2,0,1,1,1,0.26,0.65,0.0896,1,0
1693,2011-03-16,1,0,3,4,0,3,1,2,0.3,0.93,0.1642,1,0
1811,2011-03-21,1,0,3,3,0,1,1,2,0.34,0.71,0.3284,1,0
1833,2011-03-22,1,0,3,2,0,2,1,1,0.44,0.94,0.0896,1,0
1835,2011-03-22,1,0,3,4,0,2,1,2,0.42,0.82,0.1642,1,0
1881,2011-03-24,1,0,3,3,0,4,1,2,0.28,1.0,0.194,1,0
1882,2011-03-24,1,0,3,4,0,4,1,2,0.28,1.0,0.194,1,0
2024,2011-03-30,1,0,3,4,0,3,1,2,0.32,0.57,0.0,1,0
2047,2011-03-31,1,0,3,3,0,4,1,3,0.24,0.93,0.2239,1,0
2143,2011-04-04,1,0,4,3,0,1,1,1,0.38,0.66,0.2836,1,0
2192,2011-04-06,1,0,4,4,0,3,1,1,0.24,0.65,0.1343,1,0
2216,2011-04-07,1,0,4,4,0,4,1,1,0.34,0.76,0.194,1,0
2239,2011-04-08,1,0,4,3,0,5,1,3,0.34,0.76,0.1642,1,0
2240,2011-04-08,1,0,4,4,0,5,1,2,0.34,0.86,0.1343,1,0
2311,2011-04-11,1,0,4,4,0,1,1,1,0.46,0.94,0.194,1,0
2334,2011-04-12,1,0,4,3,0,2,1,2,0.58,0.56,0.1343,1,0
2356,2011-04-13,1,0,4,1,0,3,1,2,0.4,1.0,0.2985,1,0
2540,2011-04-20,1,0,4,17,0,3,1,2,0.74,0.37,0.4179,432,1
2564,2011-04-21,1,0,4,17,0,4,1,1,0.5,0.29,0.1642,481,1
2660,2011-04-25,1,0,4,17,0,1,1,1,0.7,0.54,0.2985,521,1
2661,2011-04-25,1,0,4,18,0,1,1,1,0.68,0.57,0.3582,499,1
2684,2011-04-26,1,0,4,17,0,2,1,1,0.68,0.61,0.3582,521,1
2685,2011-04-26,1,0,4,18,0,2,1,1,0.68,0.65,0.4478,528,1
2708,2011-04-27,1,0,4,17,0,3,1,3,0.66,0.83,0.3881,521,1
2733,2011-04-28,1,0,4,18,0,4,1,1,0.64,0.47,0.3582,530,1
2756,2011-04-29,1,0,4,17,0,5,1,2,0.52,0.45,0.3881,508,1
2757,2011-04-29,1,0,4,18,0,5,1,1,0.52,0.48,0.3582,439,1
2778,2011-04-30,1,0,4,15,0,6,0,1,0.56,0.37,0.1343,499,1
2828,2011-05-02,1,0,5,17,0,1,1,1,0.66,0.65,0.194,537,1
2829,2011-05-02,1,0,5,18,0,1,1,2,0.64,0.65,0.194,518,1
2852,2011-05-03,1,0,5,17,0,2,1,1,0.7,0.54,0.4627,517,1
2853,2011-05-03,1,0,5,18,0,2,1,1,0.7,0.48,0.4179,544,1
2862,2011-05-04,1,0,5,3,0,3,1,3,0.42,0.88,0.5224,1,0
2900,2011-05-05,1,0,5,17,0,4,1,1,0.56,0.26,0.3881,533,1
2901,2011-05-05,1,0,5,18,0,4,1,1,0.56,0.26,0.2836,520,1
2911,2011-05-06,1,0,5,4,0,5,1,1,0.36,0.71,0.1045,1,0
2924,2011-05-06,1,0,5,17,0,5,1,1,0.58,0.4,0.3582,553,1
2944,2011-05-07,1,0,5,13,0,6,0,1,0.6,0.35,0.2836,436,1
2996,2011-05-09,1,0,5,17,0,1,1,1,0.62,0.38,0.2537,598,1
2997,2011-05-09,1,0,5,18,0,1,1,1,0.62,0.38,0.2985,524,1
3020,2011-05-10,1,0,5,17,0,2,1,1,0.64,0.33,0.0,611,1
3021,2011-05-10,1,0,5,18,0,2,1,1,0.64,0.29,0.1343,550,1
3022,2011-05-10,1,0,5,19,0,2,1,1,0.6,0.43,0.2239,434,1
3068,2011-05-12,1,0,5,17,0,4,1,2,0.64,0.57,0.194,594,1
3069,2011-05-12,1,0,5,18,0,4,1,1,0.62,0.69,0.2239,527,1
3092,2011-05-13,1,0,5,17,0,5,1,3,0.52,0.88,0.1642,491,1
3137,2011-05-15,1,0,5,14,0,0,0,1,0.64,0.73,0.194,437,1
3188,2011-05-17,1,0,5,17,0,2,1,1,0.62,0.65,0.4179,604,1
3189,2011-05-17,1,0,5,18,0,2,1,1,0.6,0.69,0.2985,480,1
3212,2011-05-18,1,0,5,17,0,3,1,1,0.6,0.69,0.1343,565,1
3213,2011-05-18,1,0,5,18,0,3,1,1,0.6,0.73,0.2239,489,1
3227,2011-05-19,1,0,5,8,0,4,1,2,0.52,0.88,0.0,487,1
3236,2011-05-19,1,0,5,17,0,4,1,1,0.56,0.78,0.1642,547,1
3237,2011-05-19,1,0,5,18,0,4,1,1,0.6,0.55,0.1642,513,1
3251,2011-05-20,1,0,5,8,0,5,1,1,0.54,0.68,0.0,517,1
3260,2011-05-20,1,0,5,17,0,5,1,1,0.62,0.53,0.0,554,1
3279,2011-05-21,1,0,5,12,0,6,0,1,0.66,0.5,0.0,493,1
3282,2011-05-21,1,0,5,15,0,6,0,1,0.72,0.45,0.2537,506,1
3347,2011-05-24,1,0,5,8,0,2,1,3,0.62,0.83,0.2239,434,1
3356,2011-05-24,1,0,5,17,0,2,1,1,0.7,0.61,0.1045,548,1
3357,2011-05-24,1,0,5,18,0,2,1,1,0.7,0.7,0.194,564,1
3371,2011-05-25,1,0,5,8,0,3,1,1,0.64,0.69,0.2239,531,1
3380,2011-05-25,1,0,5,17,0,3,1,1,0.74,0.51,0.2239,601,1
3381,2011-05-25,1,0,5,18,0,3,1,1,0.72,0.58,0.2239,517,1
3395,2011-05-26,1,0,5,8,0,4,1,2,0.66,0.83,0.1642,489,1
3404,2011-05-26,1,0,5,17,0,4,1,1,0.8,0.46,0.2836,494,1
3428,2011-05-27,1,0,5,17,0,5,1,1,0.74,0.58,0.3881,491,1
3524,2011-05-31,1,0,5,17,0,2,1,1,0.84,0.53,0.2239,495,1
3548,2011-06-01,2,0,6,17,0,3,1,1,0.86,0.47,0.2985,486,1
3572,2011-06-02,2,0,6,17,0,4,1,1,0.76,0.2,0.5224,572,1
3573,2011-06-02,2,0,6,18,0,4,1,1,0.74,0.22,0.3881,525,1
3587,2011-06-03,2,0,6,8,0,5,1,2,0.56,0.43,0.3284,502,1
3596,2011-06-03,2,0,6,17,0,5,1,1,0.72,0.25,0.2836,558,1
3597,2011-06-03,2,0,6,18,0,5,1,1,0.7,0.24,0.2985,564,1
3659,2011-06-06,2,0,6,8,0,1,1,1,0.64,0.73,0.0896,438,1
3668,2011-06-06,2,0,6,17,0,1,1,1,0.78,0.33,0.2836,579,1
3669,2011-06-06,2,0,6,18,0,1,1,1,0.76,0.31,0.1343,556,1
3692,2011-06-07,2,0,6,17,0,2,1,1,0.8,0.43,0.2537,539,1
3693,2011-06-07,2,0,6,18,0,2,1,1,0.78,0.46,0.2836,551,1
3707,2011-06-08,2,0,6,8,0,3,1,1,0.76,0.58,0.1642,481,1
3716,2011-06-08,2,0,6,17,0,3,1,1,0.92,0.35,0.2239,506,1
3731,2011-06-09,2,0,6,8,0,4,1,2,0.76,0.7,0.1045,432,1
3764,2011-06-10,2,0,6,17,0,5,1,1,0.82,0.52,0.2239,517,1
3836,2011-06-13,2,0,6,17,0,1,1,1,0.7,0.39,0.3284,601,1
3837,2011-06-13,2,0,6,18,0,1,1,1,0.7,0.37,0.3582,586,1
3851,2011-06-14,2,0,6,8,0,2,1,1,0.58,0.49,0.3881,486,1
3860,2011-06-14,2,0,6,17,0,2,1,3,0.64,0.5,0.2836,569,1
3861,2011-06-14,2,0,6,18,0,2,1,1,0.62,0.51,0.3284,538,1
3870,2011-06-15,2,0,6,3,0,3,1,1,0.5,0.68,0.2537,1,0
3875,2011-06-15,2,0,6,8,0,3,1,1,0.58,0.53,0.1343,498,1
3884,2011-06-15,2,0,6,17,0,3,1,1,0.74,0.28,0.1045,638,1
3885,2011-06-15,2,0,6,18,0,3,1,1,0.72,0.32,0.1343,607,1
3932,2011-06-17,2,0,6,17,0,5,1,3,0.76,0.4,0.194,552,1
3990,2011-06-20,2,0,6,3,0,1,1,3,0.64,0.89,0.0,1,0
4004,2011-06-20,2,0,6,17,0,1,1,1,0.7,0.54,0.0,565,1
4005,2011-06-20,2,0,6,18,0,1,1,1,0.7,0.61,0.2537,538,1
4006,2011-06-20,2,0,6,19,0,1,1,1,0.66,0.65,0.2239,431,1
4028,2011-06-21,2,0,6,17,0,2,1,1,0.78,0.66,0.2239,572,1
4029,2011-06-21,2,0,6,18,0,2,1,2,0.76,0.7,0.2537,536,1
4052,2011-06-22,2,0,6,17,0,3,1,2,0.8,0.55,0.3881,529,1
4053,2011-06-22,2,0,6,18,0,3,1,2,0.8,0.59,0.2537,513,1
4067,2011-06-23,2,0,6,8,0,4,1,2,0.74,0.7,0.194,432,1
4076,2011-06-23,2,0,6,17,0,4,1,2,0.72,0.7,0.3582,569,1
4077,2011-06-23,2,0,6,18,0,4,1,1,0.72,0.7,0.4179,540,1
4100,2011-06-24,2,0,6,17,0,5,1,1,0.76,0.37,0.2537,557,1
4172,2011-06-27,2,0,6,17,0,1,1,1,0.74,0.55,0.1343,604,1
4173,2011-06-27,2,0,6,18,0,1,1,1,0.74,0.51,0.0,591,1
4196,2011-06-28,2,0,6,17,0,2,1,3,0.82,0.56,0.2836,579,1
4197,2011-06-28,2,0,6,18,0,2,1,3,0.8,0.55,0.2985,504,1
4211,2011-06-29,2,0,6,8,0,3,1,1,0.7,0.48,0.2836,540,1
4220,2011-06-29,2,0,6,17,0,3,1,1,0.82,0.26,0.4179,570,1
4221,2011-06-29,2,0,6,18,0,3,1,1,0.8,0.29,0.2985,588,1
4235,2011-06-30,2,0,6,8,0,4,1,1,0.68,0.47,0.2239,555,1
4244,2011-06-30,2,0,6,17,0,4,1,1,0.78,0.27,0.3582,594,1
4245,2011-06-30,2,0,6,18,0,4,1,1,0.76,0.29,0.2537,586,1
4259,2011-07-01,2,0,7,8,0,5,1,1,0.7,0.42,0.1642,492,1
4304,2011-07-03,2,0,7,5,0,0,0,3,0.62,0.83,0.194,1,0
4340,2011-07-04,2,0,7,17,1,1,0,1,0.8,0.46,0.0,436,1
4355,2011-07-05,2,0,7,8,0,2,1,1,0.72,0.62,0.1343,432,1
4364,2011-07-05,2,0,7,17,0,2,1,1,0.82,0.46,0.1045,545,1
4365,2011-07-05,2,0,7,18,0,2,1,1,0.8,0.55,0.1642,496,1
4388,2011-07-06,2,0,7,17,0,3,1,1,0.78,0.59,0.2239,596,1
4389,2011-07-06,2,0,7,18,0,3,1,1,0.76,0.62,0.194,563,1
4412,2011-07-07,2,0,7,17,0,4,1,1,0.86,0.36,0.2537,569,1
4413,2011-07-07,2,0,7,18,0,4,1,1,0.84,0.44,0.2985,562,1
4508,2011-07-11,2,0,7,17,0,1,1,1,0.86,0.56,0.4179,514,1
4533,2011-07-12,2,0,7,18,0,2,1,1,0.86,0.47,0.2985,511,1
4556,2011-07-13,2,0,7,17,0,3,1,1,0.7,0.79,0.0,488,1
4571,2011-07-14,2,0,7,8,0,4,1,1,0.64,0.5,0.3582,486,1
4580,2011-07-14,2,0,7,17,0,4,1,1,0.74,0.37,0.1343,595,1
4581,2011-07-14,2,0,7,18,0,4,1,1,0.72,0.42,0.194,578,1
4595,2011-07-15,2,0,7,8,0,5,1,1,0.64,0.65,0.2537,564,1
4604,2011-07-15,2,0,7,17,0,5,1,1,0.74,0.42,0.2537,587,1
4605,2011-07-15,2,0,7,18,0,5,1,1,0.72,0.45,0.2239,496,1
4624,2011-07-16,2,0,7,13,0,6,0,1,0.76,0.45,0.2985,497,1
4625,2011-07-16,2,0,7,14,0,6,0,1,0.74,0.45,0.2985,433,1
4649,2011-07-17,2,0,7,14,0,0,0,1,0.8,0.49,0.3582,430,1
4676,2011-07-18,2,0,7,17,0,1,1,1,0.84,0.49,0.3284,545,1
4677,2011-07-18,2,0,7,18,0,1,1,1,0.82,0.49,0.3582,558,1
4700,2011-07-19,2,0,7,17,0,2,1,1,0.8,0.66,0.0,513,1
4701,2011-07-19,2,0,7,18,0,2,1,1,0.8,0.66,0.1343,530,1
4715,2011-07-20,2,0,7,8,0,3,1,1,0.74,0.74,0.0,438,1
4725,2011-07-20,2,0,7,18,0,3,1,1,0.84,0.59,0.2239,497,1
4844,2011-07-25,2,0,7,17,0,1,1,1,0.72,0.74,0.0,485,1
4845,2011-07-25,2,0,7,18,0,1,1,1,0.74,0.74,0.0896,533,1
4868,2011-07-26,2,0,7,17,0,2,1,1,0.86,0.36,0.3582,537,1
4869,2011-07-26,2,0,7,18,0,2,1,1,0.84,0.39,0.3881,546,1
4883,2011-07-27,2,0,7,8,0,3,1,1,0.74,0.42,0.2537,433,1
4892,2011-07-27,2,0,7,17,0,3,1,1,0.84,0.26,0.2239,572,1
4893,2011-07-27,2,0,7,18,0,3,1,1,0.82,0.28,0.1045,541,1
4917,2011-07-28,2,0,7,18,0,4,1,1,0.84,0.56,0.2239,483,1
5012,2011-08-01,2,0,8,17,0,1,1,1,0.76,0.45,0.2985,514,1
5013,2011-08-01,2,0,8,18,0,1,1,1,0.78,0.43,0.194,543,1
5027,2011-08-02,2,0,8,8,0,2,1,1,0.74,0.58,0.2836,435,1
5036,2011-08-02,2,0,8,17,0,2,1,2,0.9,0.27,0.1343,556,1
5037,2011-08-02,2,0,8,18,0,2,1,2,0.86,0.34,0.194,556,1
5051,2011-08-03,2,0,8,8,0,3,1,2,0.74,0.51,0.1642,437,1
5061,2011-08-03,2,0,8,18,0,3,1,3,0.7,0.84,0.0,492,1
5084,2011-08-04,2,0,8,17,0,4,1,1,0.76,0.62,0.3284,555,1
5085,2011-08-04,2,0,8,18,0,4,1,1,0.7,0.74,0.2985,523,1
5108,2011-08-05,2,0,8,17,0,5,1,1,0.78,0.49,0.2985,550,1
5166,2011-08-08,2,0,8,3,0,1,1,1,0.66,0.89,0.0,1,0
5180,2011-08-08,2,0,8,17,0,1,1,1,0.86,0.39,0.1642,527,1
5181,2011-08-08,2,0,8,18,0,1,1,1,0.84,0.41,0.1343,529,1
5204,2011-08-09,2,0,8,17,0,2,1,1,0.8,0.55,0.1642,532,1
5205,2011-08-09,2,0,8,18,0,2,1,1,0.8,0.55,0.194,585,1
5228,2011-08-10,2,0,8,17,0,3,1,1,0.84,0.26,0.2985,584,1
5229,2011-08-10,2,0,8,18,0,3,1,1,0.82,0.28,0.2985,559,1
5252,2011-08-11,2,0,8,17,0,4,1,1,0.8,0.29,0.2537,582,1
5253,2011-08-11,2,0,8,18,0,4,1,1,0.78,0.29,0.0896,571,1
5276,2011-08-12,2,0,8,17,0,5,1,1,0.82,0.26,0.0,516,1
5348,2011-08-15,2,0,8,17,0,1,1,1,0.74,0.51,0.2836,530,1
5349,2011-08-15,2,0,8,18,0,1,1,1,0.7,0.65,0.194,483,1
5372,2011-08-16,2,0,8,17,0,2,1,1,0.76,0.45,0.3284,600,1
5373,2011-08-16,2,0,8,18,0,2,1,1,0.76,0.45,0.2239,570,1
5387,2011-08-17,2,0,8,8,0,3,1,1,0.7,0.54,0.1642,487,1
5396,2011-08-17,2,0,8,17,0,3,1,1,0.8,0.49,0.2239,552,1
5397,2011-08-17,2,0,8,18,0,3,1,1,0.76,0.55,0.2537,556,1
5444,2011-08-19,2,0,8,17,0,5,1,1,0.76,0.58,0.5224,527,1
5516,2011-08-22,2,0,8,17,0,1,1,1,0.74,0.27,0.3284,591,1
5517,2011-08-22,2,0,8,18,0,1,1,1,0.72,0.28,0.2985,609,1
5531,2011-08-23,2,0,8,8,0,2,1,2,0.62,0.5,0.0,504,1
5537,2011-08-23,2,0,8,14,0,2,1,1,0.72,0.3,0.0896,651,1
5538,2011-08-23,2,0,8,15,0,2,1,1,0.72,0.34,0.2239,601,1
5541,2011-08-23,2,0,8,18,0,2,1,1,0.72,0.34,0.194,519,1
5550,2011-08-24,2,0,8,3,0,3,1,1,0.58,0.68,0.1343,1,0
5564,2011-08-24,2,0,8,17,0,3,1,1,0.76,0.52,0.3582,567,1
5565,2011-08-24,2,0,8,18,0,3,1,1,0.74,0.55,0.2985,621,1
5579,2011-08-25,2,0,8,8,0,4,1,2,0.7,0.74,0.2985,484,1
5612,2011-08-26,2,0,8,17,0,5,1,1,0.74,0.74,0.2537,489,1
5637,2011-08-28,2,0,8,7,0,0,0,3,0.62,0.83,0.3582,1,1
5643,2011-08-28,2,0,8,13,0,0,0,1,0.76,0.45,0.3582,431,1
5646,2011-08-28,2,0,8,16,0,0,0,1,0.8,0.36,0.3881,491,1
5671,2011-08-29,2,0,8,17,0,1,1,2,0.7,0.47,0.2239,591,1
5672,2011-08-29,2,0,8,18,0,1,1,1,0.66,0.47,0.2537,547,1
5686,2011-08-30,2,0,8,8,0,2,1,1,0.62,0.57,0.1343,493,1
5695,2011-08-30,2,0,8,17,0,2,1,1,0.72,0.42,0.194,611,1
5696,2011-08-30,2,0,8,18,0,2,1,1,0.7,0.45,0.1642,576,1
5719,2011-08-31,2,0,8,17,0,3,1,1,0.72,0.45,0.1343,608,1
5720,2011-08-31,2,0,8,18,0,3,1,1,0.7,0.51,0.2239,565,1
5734,2011-09-01,3,0,9,8,0,4,1,1,0.62,0.73,0.1343,498,1
5743,2011-09-01,3,0,9,17,0,4,1,1,0.72,0.54,0.2537,628,1
5744,2011-09-01,3,0,9,18,0,4,1,1,0.72,0.54,0.2239,531,1
5810,2011-09-04,3,0,9,12,0,0,0,1,0.76,0.66,0.1642,435,1
5848,2011-09-06,3,0,9,3,0,2,1,3,0.54,0.94,0.2985,1,0
5933,2011-09-09,3,0,9,17,0,5,1,1,0.7,0.79,0.2537,505,1
5955,2011-09-10,3,0,9,15,0,6,0,1,0.74,0.55,0.2239,480,1
5956,2011-09-10,3,0,9,16,0,6,0,1,0.74,0.55,0.194,431,1
5980,2011-09-11,3,0,9,16,0,0,0,1,0.72,0.51,0.2985,483,1
6004,2011-09-12,3,0,9,17,0,1,1,1,0.72,0.51,0.1642,590,1
6005,2011-09-12,3,0,9,18,0,1,1,1,0.7,0.54,0.194,571,1
6006,2011-09-12,3,0,9,19,0,1,1,1,0.68,0.57,0.1343,436,1
6028,2011-09-13,3,0,9,17,0,2,1,1,0.74,0.51,0.2239,579,1
6029,2011-09-13,3,0,9,18,0,2,1,1,0.7,0.61,0.1642,539,1
6052,2011-09-14,3,0,9,17,0,3,1,1,0.76,0.52,0.2836,599,1
6053,2011-09-14,3,0,9,18,0,3,1,1,0.72,0.62,0.1642,586,1
6100,2011-09-16,3,0,9,17,0,5,1,2,0.52,0.48,0.1343,566,1
6101,2011-09-16,3,0,9,18,0,5,1,2,0.52,0.52,0.1642,482,1
6135,2011-09-18,3,0,9,4,0,0,0,1,0.44,0.77,0.2239,1,0
6172,2011-09-19,3,0,9,17,0,1,1,2,0.58,0.64,0.1343,568,1
6173,2011-09-19,3,0,9,18,0,1,1,2,0.56,0.68,0.1343,540,1
6196,2011-09-20,3,0,9,17,0,2,1,1,0.6,0.83,0.1045,511,1
6197,2011-09-20,3,0,9,18,0,2,1,1,0.6,0.83,0.1045,492,1
6220,2011-09-21,3,0,9,17,0,3,1,3,0.66,0.74,0.1642,536,1
6244,2011-09-22,3,0,9,17,0,4,1,2,0.66,0.78,0.0896,563,1
6245,2011-09-22,3,0,9,18,0,4,1,2,0.64,0.83,0.1045,551,1
6340,2011-09-26,3,0,9,17,0,1,1,1,0.7,0.7,0.1343,570,1
6341,2011-09-26,3,0,9,18,0,1,1,1,0.66,0.83,0.1045,553,1
6364,2011-09-27,3,0,9,17,0,2,1,2,0.66,0.89,0.194,530,1
6388,2011-09-28,3,0,9,17,0,3,1,1,0.7,0.7,0.2239,591,1
6389,2011-09-28,3,0,9,18,0,3,1,3,0.66,0.83,0.2537,524,1
6403,2011-09-29,3,0,9,8,0,4,1,1,0.6,0.83,0.0,431,1
6412,2011-09-29,3,0,9,17,0,4,1,1,0.66,0.47,0.2985,589,1
6413,2011-09-29,3,0,9,18,0,4,1,1,0.64,0.41,0.2239,584,1
6436,2011-09-30,3,0,9,17,0,5,1,1,0.62,0.53,0.194,591,1
6437,2011-09-30,3,0,9,18,0,5,1,1,0.58,0.49,0.3582,511,1
6508,2011-10-03,3,0,10,17,0,1,1,2,0.4,0.76,0.1642,495,1
6532,2011-10-04,3,0,10,17,0,2,1,1,0.56,0.6,0.3881,585,1
6533,2011-10-04,3,0,10,18,0,2,1,1,0.54,0.64,0.2836,524,1
6556,2011-10-05,3,0,10,17,0,3,1,1,0.64,0.47,0.2537,591,1
6557,2011-10-05,3,0,10,18,0,3,1,1,0.6,0.53,0.1642,593,1
6580,2011-10-06,3,0,10,17,0,4,1,1,0.56,0.52,0.1343,568,1
6581,2011-10-06,3,0,10,18,0,4,1,1,0.54,0.64,0.0896,538,1
6604,2011-10-07,3,0,10,17,0,5,1,1,0.6,0.56,0.2537,563,1
6624,2011-10-08,3,0,10,13,0,6,0,1,0.62,0.46,0.1045,485,1
6626,2011-10-08,3,0,10,15,0,6,0,1,0.66,0.39,0.0,496,1
6649,2011-10-09,3,0,10,14,0,0,0,1,0.68,0.47,0.1642,500,1
6652,2011-10-09,3,0,10,17,0,0,0,1,0.62,0.61,0.1045,438,1
6700,2011-10-11,3,0,10,17,0,2,1,2,0.6,0.78,0.2537,604,1
6701,2011-10-11,3,0,10,18,0,2,1,2,0.6,0.78,0.2239,539,1
6748,2011-10-13,3,0,10,17,0,4,1,3,0.62,0.83,0.2537,479,1
6772,2011-10-14,3,0,10,17,0,5,1,1,0.58,0.46,0.4179,481,1
6816,2011-10-16,3,0,10,13,0,0,0,1,0.6,0.35,0.2985,438,1
6844,2011-10-17,3,0,10,17,0,1,1,1,0.56,0.64,0.1343,620,1
6845,2011-10-17,3,0,10,18,0,1,1,1,0.56,0.6,0.0,518,1
6854,2011-10-18,3,0,10,3,0,2,1,1,0.44,0.94,0.0896,1,0
6859,2011-10-18,3,0,10,8,0,2,1,1,0.5,0.77,0.0896,499,1
6868,2011-10-18,3,0,10,17,0,2,1,1,0.6,0.6,0.1343,625,1
6869,2011-10-18,3,0,10,18,0,2,1,1,0.56,0.68,0.1045,570,1
6901,2011-10-20,3,0,10,3,0,4,1,1,0.5,0.82,0.4627,1,0
6915,2011-10-20,3,0,10,17,0,4,1,2,0.48,0.48,0.3881,494,1
6939,2011-10-21,3,0,10,17,0,5,1,2,0.46,0.51,0.2537,524,1
7011,2011-10-24,3,0,10,17,0,1,1,1,0.52,0.68,0.1343,614,1
7012,2011-10-24,3,0,10,18,0,1,1,1,0.54,0.6,0.0896,486,1
7035,2011-10-25,3,0,10,17,0,2,1,1,0.56,0.37,0.1045,585,1
7036,2011-10-25,3,0,10,18,0,2,1,1,0.52,0.42,0.1045,518,1
7118,2011-10-29,3,0,10,4,0,6,0,3,0.3,0.81,0.4179,1,0
7119,2011-10-29,3,0,10,5,0,6,0,3,0.26,0.93,0.3582,1,0
7179,2011-10-31,3,0,10,17,0,1,1,1,0.42,0.54,0.1343,486,1
7203,2011-11-01,3,0,11,17,0,2,1,1,0.44,0.54,0.1642,506,1
7227,2011-11-02,3,0,11,17,0,3,1,1,0.44,0.62,0.194,553,1
7228,2011-11-02,3,0,11,18,0,3,1,1,0.42,0.71,0.1642,479,1
7251,2011-11-03,3,0,11,17,0,4,1,1,0.48,0.55,0.0896,498,1
7252,2011-11-03,3,0,11,18,0,4,1,1,0.46,0.63,0.1343,433,1
7275,2011-11-04,3,0,11,17,0,5,1,1,0.42,0.38,0.3582,480,1
7347,2011-11-07,3,0,11,17,0,1,1,1,0.5,0.45,0.1642,528,1
7356,2011-11-08,3,0,11,2,0,2,1,1,0.32,0.87,0.0,1,0
7371,2011-11-08,3,0,11,17,0,2,1,1,0.52,0.43,0.1642,499,1
7395,2011-11-09,3,0,11,17,0,3,1,1,0.46,0.63,0.1045,485,1
7410,2011-11-10,3,0,11,8,0,4,1,2,0.4,0.94,0.0896,436,1
7464,2011-11-12,3,0,11,14,0,6,0,1,0.5,0.36,0.2985,435,1
7515,2011-11-14,3,0,11,17,0,1,1,1,0.62,0.46,0.2537,519,1
7516,2011-11-14,3,0,11,18,0,1,1,1,0.56,0.56,0.2836,489,1
7530,2011-11-15,3,0,11,8,0,2,1,2,0.54,0.68,0.1045,480,1
7884,2011-11-30,3,0,11,3,0,3,1,1,0.32,0.7,0.1642,1,0
7909,2011-12-01,0,0,12,4,0,4,1,1,0.26,0.56,0.2836,1,0
7932,2011-12-02,0,0,12,3,0,5,1,1,0.22,0.8,0.0,1,0
8053,2011-12-07,0,0,12,4,0,3,1,3,0.46,1.0,0.1642,1,0
8076,2011-12-08,0,0,12,3,0,4,1,1,0.26,0.6,0.2985,1,0
8317,2011-12-18,0,0,12,4,0,0,0,1,0.22,0.55,0.2239,1,0
8369,2011-12-20,0,0,12,8,0,2,1,2,0.42,0.54,0.0896,432,1
8378,2011-12-20,0,0,12,17,0,2,1,1,0.4,0.62,0.1642,431,1
8485,2011-12-25,0,0,12,5,0,0,0,1,0.2,0.75,0.1045,1,0
8486,2011-12-25,0,0,12,6,0,0,0,1,0.2,0.75,0.1045,1,1
8627,2011-12-31,0,0,12,5,0,6,0,2,0.36,0.76,0.2239,1,0
8719,2012-01-04,0,1,1,2,0,3,1,1,0.02,0.34,0.2836,1,0
8720,2012-01-04,0,1,1,3,0,3,1,1,0.02,0.34,0.2836,1,0
8803,2012-01-07,0,1,1,14,0,6,0,1,0.5,0.42,0.2836,512,1
8892,2012-01-11,0,1,1,8,0,3,1,1,0.2,0.82,0.1045,499,1
8916,2012-01-12,0,1,1,8,0,4,1,1,0.32,0.81,0.194,508,1
8925,2012-01-12,0,1,1,17,0,4,1,1,0.46,0.63,0.1642,495,1
9055,2012-01-18,0,1,1,4,0,3,1,1,0.34,0.46,0.5224,1,0
9059,2012-01-18,0,1,1,8,0,3,1,1,0.3,0.52,0.4179,489,1
9079,2012-01-19,0,1,1,4,0,4,1,1,0.12,0.54,0.1045,1,0
9127,2012-01-21,0,1,1,4,0,6,0,3,0.16,0.86,0.0896,1,0
9129,2012-01-21,0,1,1,6,0,6,0,3,0.16,0.93,0.1642,1,1
9174,2012-01-23,0,1,1,3,0,1,1,2,0.18,0.86,0.0,1,0
9175,2012-01-23,0,1,1,4,0,1,1,2,0.2,0.8,0.0,1,0
9203,2012-01-24,0,1,1,8,0,2,1,2,0.32,0.93,0.1343,490,1
9212,2012-01-24,0,1,1,17,0,2,1,1,0.42,0.67,0.0896,515,1
9222,2012-01-25,0,1,1,3,0,3,1,1,0.26,0.75,0.194,1,0
9227,2012-01-25,0,1,1,8,0,3,1,1,0.24,0.7,0.2537,513,1
9237,2012-01-25,0,1,1,18,0,3,1,1,0.32,0.66,0.1343,439,1
9251,2012-01-26,0,1,1,8,0,4,1,2,0.28,0.81,0.0896,530,1
9347,2012-01-30,0,1,1,8,0,1,1,1,0.2,0.47,0.2239,493,1
9356,2012-01-30,0,1,1,17,0,1,1,1,0.36,0.21,0.194,438,1
9367,2012-01-31,0,1,1,4,0,2,1,1,0.3,0.49,0.194,1,0
9371,2012-01-31,0,1,1,8,0,2,1,1,0.26,0.6,0.1045,512,1
9380,2012-01-31,0,1,1,17,0,2,1,1,0.54,0.26,0.4179,559,1
9381,2012-01-31,0,1,1,18,0,2,1,1,0.54,0.24,0.3582,502,1
9391,2012-02-01,0,1,2,4,0,3,1,1,0.4,0.5,0.1642,1,0
9395,2012-02-01,0,1,2,8,0,3,1,3,0.36,0.73,0.1045,520,1
9404,2012-02-01,0,1,2,17,0,3,1,1,0.58,0.43,0.194,539,1
9405,2012-02-01,0,1,2,18,0,3,1,1,0.56,0.46,0.1642,526,1
9415,2012-02-02,0,1,2,4,0,4,1,3,0.4,0.82,0.0896,1,0
9452,2012-02-03,0,1,2,17,0,5,1,1,0.4,0.37,0.0896,488,1
9523,2012-02-06,0,1,2,17,0,1,1,1,0.4,0.43,0.2537,430,1
9524,2012-02-06,0,1,2,18,0,1,1,1,0.38,0.43,0.2239,437,1
9538,2012-02-07,0,1,2,8,0,2,1,1,0.3,0.49,0.0,529,1
9547,2012-02-07,0,1,2,17,0,2,1,1,0.44,0.35,0.194,509,1
9548,2012-02-07,0,1,2,18,0,2,1,1,0.42,0.38,0.194,518,1
9556,2012-02-08,0,1,2,2,0,3,1,1,0.26,0.65,0.0,1,0
9557,2012-02-08,0,1,2,3,0,3,1,1,0.26,0.65,0.0,1,0
9558,2012-02-08,0,1,2,4,0,3,1,1,0.24,0.7,0.0896,1,0
9562,2012-02-08,0,1,2,8,0,3,1,2,0.24,0.7,0.2239,508,1
9582,2012-02-09,0,1,2,4,0,4,1,2,0.22,0.75,0.4478,1,0
9586,2012-02-09,0,1,2,8,0,4,1,1,0.2,0.64,0.2537,484,1
9654,2012-02-12,0,1,2,4,0,0,0,2,0.1,0.46,0.7164,1,0
9677,2012-02-13,0,1,2,3,0,1,1,1,0.12,0.54,0.1045,1,0
9706,2012-02-14,0,1,2,8,0,2,1,2,0.24,0.7,0.0,513,1
9715,2012-02-14,0,1,2,17,0,2,1,1,0.42,0.38,0.3582,523,1
9726,2012-02-15,0,1,2,4,0,3,1,1,0.28,0.7,0.1045,1,0
9730,2012-02-15,0,1,2,8,0,3,1,1,0.32,0.61,0.3582,515,1
9739,2012-02-15,0,1,2,17,0,3,1,1,0.42,0.38,0.194,487,1
9749,2012-02-16,0,1,2,3,0,4,1,2,0.3,0.61,0.0,1,0
9754,2012-02-16,0,1,2,8,0,4,1,2,0.3,0.7,0.0896,498,1
9773,2012-02-17,0,1,2,3,0,5,1,2,0.28,0.93,0.1045,1,0
9774,2012-02-17,0,1,2,4,0,5,1,2,0.28,0.93,0.194,1,0
9778,2012-02-17,0,1,2,8,0,5,1,2,0.26,1.0,0.0,520,1
9799,2012-02-18,0,1,2,5,0,6,0,1,0.24,0.7,0.0896,1,0
9809,2012-02-18,0,1,2,15,0,6,0,1,0.42,0.41,0.2537,499,1
9881,2012-02-21,0,1,2,17,0,2,1,1,0.38,0.4,0.4478,432,1
9896,2012-02-22,0,1,2,8,0,3,1,1,0.3,0.75,0.0896,576,1
9905,2012-02-22,0,1,2,17,0,3,1,1,0.52,0.32,0.3881,529,1
9906,2012-02-22,0,1,2,18,0,3,1,2,0.48,0.41,0.3284,525,1
9916,2012-02-23,0,1,2,4,0,4,1,1,0.4,0.76,0.2239,1,0
9920,2012-02-23,0,1,2,8,0,4,1,1,0.34,0.87,0.194,560,1
9929,2012-02-23,0,1,2,17,0,4,1,1,0.54,0.32,0.1642,610,1
9930,2012-02-23,0,1,2,18,0,4,1,1,0.54,0.37,0.1343,522,1
10012,2012-02-27,0,1,2,4,0,1,1,1,0.22,0.8,0.1343,1,0
10016,2012-02-27,0,1,2,8,0,1,1,1,0.24,0.6,0.0,528,1
10025,2012-02-27,0,1,2,17,0,1,1,1,0.54,0.24,0.4478,529,1
10026,2012-02-27,0,1,2,18,0,1,1,1,0.52,0.27,0.4179,527,1
10040,2012-02-28,0,1,2,8,0,2,1,1,0.26,0.48,0.2836,559,1
10049,2012-02-28,0,1,2,17,0,2,1,1,0.42,0.26,0.0896,530,1
10087,2012-03-01,1,1,3,8,0,4,1,1,0.42,0.94,0.1343,594,1
10096,2012-03-01,1,1,3,17,0,4,1,1,0.56,0.35,0.2985,600,1
10097,2012-03-01,1,1,3,18,0,4,1,1,0.54,0.34,0.3582,525,1
10111,2012-03-02,1,1,3,8,0,5,1,1,0.28,0.75,0.0896,549,1
10141,2012-03-03,1,1,3,14,0,6,0,2,0.46,0.44,0.3582,430,1
10178,2012-03-05,1,1,3,3,0,1,1,1,0.22,0.51,0.1642,1,0
10179,2012-03-05,1,1,3,4,0,1,1,1,0.2,0.55,0.0896,1,0
10202,2012-03-06,1,1,3,3,0,2,1,1,0.18,0.51,0.2836,1,0
10207,2012-03-06,1,1,3,8,0,2,1,1,0.16,0.59,0.1045,501,1
10231,2012-03-07,1,1,3,8,0,3,1,1,0.28,0.61,0.2985,566,1
10240,2012-03-07,1,1,3,17,0,3,1,1,0.56,0.43,0.4925,612,1
10241,2012-03-07,1,1,3,18,0,3,1,1,0.56,0.4,0.4627,544,1
10255,2012-03-08,1,1,3,8,0,4,1,1,0.44,0.77,0.3881,585,1
10264,2012-03-08,1,1,3,17,0,4,1,1,0.62,0.38,0.6567,597,1
10265,2012-03-08,1,1,3,18,0,4,1,2,0.62,0.38,0.5522,590,1
10275,2012-03-09,1,1,3,4,0,5,1,3,0.4,0.66,0.2836,1,0
10279,2012-03-09,1,1,3,8,0,5,1,2,0.34,0.42,0.5224,501,1
10288,2012-03-09,1,1,3,17,0,5,1,1,0.46,0.24,0.3881,566,1
10332,2012-03-11,1,1,3,14,0,0,0,1,0.46,0.31,0.2836,501,1
10333,2012-03-11,1,1,3,15,0,0,0,1,0.5,0.29,0.2985,487,1
10334,2012-03-11,1,1,3,16,0,0,0,1,0.5,0.31,0.3582,509,1
10335,2012-03-11,1,1,3,17,0,0,0,1,0.52,0.27,0.2985,498,1
10350,2012-03-12,1,1,3,8,0,1,1,1,0.34,0.61,0.1343,564,1
10359,2012-03-12,1,1,3,17,0,1,1,2,0.62,0.38,0.4179,644,1
10360,2012-03-12,1,1,3,18,0,1,1,2,0.6,0.43,0.194,712,1
10368,2012-03-13,1,1,3,2,0,2,1,3,0.52,0.72,0.2985,1,0
10370,2012-03-13,1,1,3,4,0,2,1,2,0.46,0.82,0.194,1,0
10374,2012-03-13,1,1,3,8,0,2,1,1,0.46,0.82,0.2836,593,1
10383,2012-03-13,1,1,3,17,0,2,1,1,0.7,0.37,0.1045,676,1
10384,2012-03-13,1,1,3,18,0,2,1,1,0.7,0.34,0.2985,734,1
10385,2012-03-13,1,1,3,19,0,2,1,1,0.64,0.47,0.2239,479,1
10398,2012-03-14,1,1,3,8,0,3,1,1,0.44,0.82,0.0,662,1
10407,2012-03-14,1,1,3,17,0,3,1,1,0.7,0.28,0.0896,782,1
10408,2012-03-14,1,1,3,18,0,3,1,1,0.7,0.32,0.0,749,1
10422,2012-03-15,1,1,3,8,0,4,1,1,0.44,0.77,0.1045,623,1
10431,2012-03-15,1,1,3,17,0,4,1,1,0.7,0.39,0.2537,713,1
10432,2012-03-15,1,1,3,18,0,4,1,1,0.66,0.44,0.2836,746,1
10446,2012-03-16,1,1,3,8,0,5,1,2,0.4,0.87,0.2239,562,1
10473,2012-03-17,1,1,3,11,0,6,0,2,0.52,0.77,0.1343,585,1
10474,2012-03-17,1,1,3,12,0,6,0,1,0.56,0.68,0.1642,651,1
10475,2012-03-17,1,1,3,13,0,6,0,1,0.6,0.6,0.1045,686,1
10476,2012-03-17,1,1,3,14,0,6,0,1,0.62,0.53,0.0896,690,1
10477,2012-03-17,1,1,3,15,0,6,0,1,0.64,0.53,0.1343,679,1
10478,2012-03-17,1,1,3,16,0,6,0,1,0.64,0.5,0.0,685,1
10479,2012-03-17,1,1,3,17,0,6,0,1,0.64,0.5,0.1343,648,1
10480,2012-03-17,1,1,3,18,0,6,0,1,0.62,0.57,0.2985,560,1
10498,2012-03-18,1,1,3,12,0,0,0,2,0.44,0.88,0.1343,503,1
10499,2012-03-18,1,1,3,13,0,0,0,2,0.46,0.82,0.1642,544,1
10500,2012-03-18,1,1,3,14,0,0,0,2,0.5,0.77,0.0896,521,1
10501,2012-03-18,1,1,3,15,0,0,0,1,0.54,0.68,0.0896,554,1
10502,2012-03-18,1,1,3,16,0,0,0,1,0.54,0.73,0.0896,541,1
10503,2012-03-18,1,1,3,17,0,0,0,1,0.56,0.64,0.0896,541,1
10518,2012-03-19,1,1,3,8,0,1,1,1,0.46,0.88,0.1045,579,1
10527,2012-03-19,1,1,3,17,0,1,1,1,0.64,0.53,0.2239,721,1
10528,2012-03-19,1,1,3,18,0,1,1,1,0.64,0.57,0.2537,801,1
10529,2012-03-19,1,1,3,19,0,1,1,1,0.62,0.61,0.2239,549,1
10542,2012-03-20,1,1,3,8,0,2,1,2,0.52,0.88,0.1045,516,1
10550,2012-03-20,1,1,3,16,0,2,1,1,0.62,0.66,0.2239,431,1
10551,2012-03-20,1,1,3,17,0,2,1,1,0.6,0.73,0.194,750,1
10552,2012-03-20,1,1,3,18,0,2,1,1,0.6,0.69,0.2537,801,1
10553,2012-03-20,1,1,3,19,0,2,1,1,0.58,0.73,0.1343,555,1
10566,2012-03-21,1,1,3,8,0,3,1,3,0.48,0.94,0.1045,535,1
10575,2012-03-21,1,1,3,17,0,3,1,1,0.6,0.69,0.0896,729,1
10576,2012-03-21,1,1,3,18,0,3,1,1,0.6,0.69,0.0,779,1
10577,2012-03-21,1,1,3,19,0,3,1,1,0.6,0.64,0.0,582,1
10590,2012-03-22,1,1,3,8,0,4,1,2,0.5,0.94,0.0896,649,1
10599,2012-03-22,1,1,3,17,0,4,1,1,0.66,0.65,0.1642,810,1
10600,2012-03-22,1,1,3,18,0,4,1,1,0.66,0.65,0.1642,801,1
10601,2012-03-22,1,1,3,19,0,4,1,1,0.66,0.61,0.0,586,1
10614,2012-03-23,1,1,3,8,0,5,1,2,0.5,0.94,0.1343,662,1
10620,2012-03-23,1,1,3,14,0,5,1,2,0.72,0.42,0.1045,432,1
10622,2012-03-23,1,1,3,16,0,5,1,2,0.72,0.42,0.1642,589,1
10623,2012-03-23,1,1,3,17,0,5,1,2,0.72,0.42,0.1642,957,1
10624,2012-03-23,1,1,3,18,0,5,1,1,0.7,0.45,0.1642,830,1
10625,2012-03-23,1,1,3,19,0,5,1,1,0.66,0.5,0.194,686,1
10670,2012-03-25,1,1,3,16,0,0,0,1,0.48,0.77,0.0,492,1
10672,2012-03-25,1,1,3,18,0,0,0,1,0.5,0.72,0.0896,491,1
10681,2012-03-26,1,1,3,3,0,1,1,1,0.46,0.82,0.194,1,0
10686,2012-03-26,1,1,3,8,0,1,1,1,0.44,0.62,0.2239,657,1
10695,2012-03-26,1,1,3,17,0,1,1,1,0.46,0.24,0.4478,664,1
10696,2012-03-26,1,1,3,18,0,1,1,1,0.44,0.26,0.4478,684,1
10710,2012-03-27,1,1,3,8,0,2,1,1,0.22,0.37,0.2985,581,1
10719,2012-03-27,1,1,3,17,0,2,1,1,0.44,0.16,0.0,614,1
10720,2012-03-27,1,1,3,18,0,2,1,1,0.42,0.17,0.0896,644,1
10730,2012-03-28,1,1,3,4,0,3,1,1,0.36,0.43,0.2985,1,0
10734,2012-03-28,1,1,3,8,0,3,1,1,0.38,0.46,0.3582,658,1
10743,2012-03-28,1,1,3,17,0,3,1,1,0.6,0.6,0.2239,604,1
10744,2012-03-28,1,1,3,18,0,3,1,1,0.6,0.6,0.2239,641,1
10758,2012-03-29,1,1,3,8,0,4,1,1,0.46,0.47,0.4179,654,1
10767,2012-03-29,1,1,3,17,0,4,1,1,0.52,0.38,0.3881,703,1
10768,2012-03-29,1,1,3,18,0,4,1,1,0.5,0.39,0.2985,681,1
10782,2012-03-30,1,1,3,8,0,5,1,1,0.32,0.66,0.1642,593,1
10791,2012-03-30,1,1,3,17,0,5,1,2,0.4,0.62,0.2239,606,1
10792,2012-03-30,1,1,3,18,0,5,1,1,0.42,0.54,0.194,560,1
10810,2012-03-31,1,1,3,12,0,6,0,1,0.48,0.67,0.0,621,1
10811,2012-03-31,1,1,3,13,0,6,0,1,0.54,0.6,0.1343,638,1
10812,2012-03-31,1,1,3,14,0,6,0,2,0.5,0.63,0.2537,551,1
10813,2012-03-31,1,1,3,15,0,6,0,2,0.52,0.59,0.2836,605,1
10814,2012-03-31,1,1,3,16,0,6,0,2,0.5,0.63,0.2985,535,1
10815,2012-03-31,1,1,3,17,0,6,0,1,0.48,0.67,0.4179,543,1
10836,2012-04-01,1,1,4,14,0,0,0,2,0.48,0.55,0.2239,561,1
10837,2012-04-01,1,1,4,15,0,0,0,1,0.5,0.55,0.2537,573,1
10838,2012-04-01,1,1,4,16,0,0,0,1,0.52,0.52,0.2537,511,1
10839,2012-04-01,1,1,4,17,0,0,0,1,0.52,0.55,0.2836,555,1
10840,2012-04-01,1,1,4,18,0,0,0,1,0.52,0.52,0.2985,432,1
10853,2012-04-02,1,1,4,8,0,1,1,1,0.36,0.57,0.3284,589,1
10862,2012-04-02,1,1,4,17,0,1,1,1,0.5,0.29,0.2836,729,1
10863,2012-04-02,1,1,4,18,0,1,1,1,0.5,0.27,0.2537,618,1
10864,2012-04-02,1,1,4,19,0,1,1,1,0.5,0.27,0.2537,494,1
10873,2012-04-03,1,1,4,4,0,2,1,1,0.32,0.66,0.0896,1,0
10877,2012-04-03,1,1,4,8,0,2,1,1,0.34,0.57,0.0,604,1
10885,2012-04-03,1,1,4,16,0,2,1,1,0.62,0.21,0.1642,485,1
10886,2012-04-03,1,1,4,17,0,2,1,1,0.62,0.17,0.194,757,1
10887,2012-04-03,1,1,4,18,0,2,1,1,0.6,0.26,0.1642,800,1
10888,2012-04-03,1,1,4,19,0,2,1,1,0.56,0.26,0.1045,558,1
10897,2012-04-04,1,1,4,4,0,3,1,1,0.42,0.67,0.0896,1,0
10901,2012-04-04,1,1,4,8,0,3,1,2,0.44,0.72,0.1045,684,1
10910,2012-04-04,1,1,4,17,0,3,1,1,0.66,0.41,0.2985,744,1
10911,2012-04-04,1,1,4,18,0,3,1,1,0.66,0.41,0.2537,759,1
10912,2012-04-04,1,1,4,19,0,3,1,1,0.66,0.39,0.2239,494,1
10921,2012-04-05,1,1,4,4,0,4,1,1,0.38,0.43,0.2836,1,0
10925,2012-04-05,1,1,4,8,0,4,1,1,0.36,0.46,0.2239,638,1
10934,2012-04-05,1,1,4,17,0,4,1,1,0.5,0.31,0.1642,822,1
10935,2012-04-05,1,1,4,18,0,4,1,1,0.5,0.31,0.1045,698,1
10936,2012-04-05,1,1,4,19,0,4,1,1,0.48,0.31,0.2537,487,1
10949,2012-04-06,1,1,4,8,0,5,1,1,0.3,0.49,0.3284,508,1
10955,2012-04-06,1,1,4,14,0,5,1,1,0.48,0.29,0.3881,490,1
10956,2012-04-06,1,1,4,15,0,5,1,1,0.5,0.27,0.2836,537,1
10957,2012-04-06,1,1,4,16,0,5,1,1,0.5,0.22,0.4179,536,1
10958,2012-04-06,1,1,4,17,0,5,1,1,0.52,0.23,0.4179,655,1
10959,2012-04-06,1,1,4,18,0,5,1,1,0.5,0.22,0.4627,484,1
10976,2012-04-07,1,1,4,11,0,6,0,1,0.44,0.24,0.2985,495,1
10977,2012-04-07,1,1,4,12,0,6,0,1,0.46,0.23,0.3881,590,1
10978,2012-04-07,1,1,4,13,0,6,0,1,0.5,0.22,0.194,643,1
10979,2012-04-07,1,1,4,14,0,6,0,1,0.5,0.22,0.2985,578,1
10980,2012-04-07,1,1,4,15,0,6,0,1,0.52,0.19,0.4179,626,1
10981,2012-04-07,1,1,4,16,0,6,0,1,0.54,0.19,0.3881,615,1
10982,2012-04-07,1,1,4,17,0,6,0,1,0.54,0.19,0.4179,567,1
10983,2012-04-07,1,1,4,18,0,6,0,1,0.54,0.18,0.2985,517,1
11002,2012-04-08,1,1,4,13,0,0,0,1,0.58,0.23,0.1642,483,1
11003,2012-04-08,1,1,4,14,0,0,0,1,0.6,0.18,0.4478,503,1
11004,2012-04-08,1,1,4,15,0,0,0,1,0.62,0.17,0.3582,486,1
11021,2012-04-09,1,1,4,8,0,1,1,1,0.44,0.3,0.194,617,1
11030,2012-04-09,1,1,4,17,0,1,1,1,0.54,0.32,0.4179,632,1
11031,2012-04-09,1,1,4,18,0,1,1,1,0.54,0.34,0.2985,646,1
11045,2012-04-10,1,1,4,8,0,2,1,1,0.38,0.62,0.1343,692,1
11054,2012-04-10,1,1,4,17,0,2,1,1,0.56,0.21,0.5224,744,1
11055,2012-04-10,1,1,4,18,0,2,1,1,0.54,0.22,0.4179,704,1
11056,2012-04-10,1,1,4,19,0,2,1,1,0.52,0.2,0.3582,479,1
11068,2012-04-11,1,1,4,8,0,3,1,1,0.3,0.49,0.2239,595,1
11077,2012-04-11,1,1,4,17,0,3,1,1,0.42,0.35,0.3881,579,1
11078,2012-04-11,1,1,4,18,0,3,1,3,0.4,0.43,0.4179,585,1
11088,2012-04-12,1,1,4,4,0,4,1,1,0.3,0.61,0.2239,1,0
11092,2012-04-12,1,1,4,8,0,4,1,1,0.32,0.66,0.3284,624,1
11101,2012-04-12,1,1,4,17,0,4,1,1,0.5,0.27,0.3881,656,1
11102,2012-04-12,1,1,4,18,0,4,1,1,0.5,0.27,0.3881,610,1
11103,2012-04-12,1,1,4,19,0,4,1,1,0.46,0.31,0.2985,433,1
11116,2012-04-13,1,1,4,8,0,5,1,1,0.38,0.46,0.1642,563,1
11125,2012-04-13,1,1,4,17,0,5,1,1,0.56,0.24,0.1642,738,1
11126,2012-04-13,1,1,4,18,0,5,1,1,0.54,0.26,0.1343,671,1
11143,2012-04-14,1,1,4,11,0,6,0,1,0.52,0.45,0.194,564,1
11144,2012-04-14,1,1,4,12,0,6,0,1,0.58,0.35,0.2537,678,1
11145,2012-04-14,1,1,4,13,0,6,0,1,0.62,0.33,0.2985,678,1
11146,2012-04-14,1,1,4,14,0,6,0,2,0.64,0.27,0.4478,660,1
11147,2012-04-14,1,1,4,15,0,6,0,2,0.64,0.27,0.3582,658,1
11148,2012-04-14,1,1,4,16,0,6,0,2,0.64,0.27,0.3582,582,1
11149,2012-04-14,1,1,4,17,0,6,0,2,0.62,0.33,0.2537,560,1
11150,2012-04-14,1,1,4,18,0,6,0,2,0.62,0.35,0.2239,481,1
11167,2012-04-15,1,1,4,11,0,0,0,1,0.62,0.46,0.2985,528,1
11168,2012-04-15,1,1,4,12,0,0,0,1,0.64,0.44,0.2836,635,1
11169,2012-04-15,1,1,4,13,0,0,0,1,0.66,0.44,0.2836,681,1
11170,2012-04-15,1,1,4,14,0,0,0,1,0.7,0.39,0.2836,628,1
11171,2012-04-15,1,1,4,15,0,0,0,1,0.7,0.39,0.3881,617,1
11172,2012-04-15,1,1,4,16,0,0,0,1,0.72,0.39,0.3582,616,1
11173,2012-04-15,1,1,4,17,0,0,0,1,0.7,0.42,0.3284,623,1
11174,2012-04-15,1,1,4,18,0,0,0,1,0.7,0.42,0.2537,479,1
11188,2012-04-16,1,1,4,8,1,1,0,2,0.56,0.83,0.1642,597,1
11197,2012-04-16,1,1,4,17,1,1,0,1,0.8,0.33,0.3881,712,1
11198,2012-04-16,1,1,4,18,1,1,0,1,0.8,0.31,0.3881,676,1
11199,2012-04-16,1,1,4,19,1,1,0,1,0.76,0.35,0.3881,522,1
11212,2012-04-17,1,1,4,8,0,2,1,1,0.6,0.43,0.2239,673,1
11221,2012-04-17,1,1,4,17,0,2,1,1,0.64,0.25,0.2985,781,1
11222,2012-04-17,1,1,4,18,0,2,1,1,0.64,0.25,0.2836,775,1
11223,2012-04-17,1,1,4,19,0,2,1,1,0.6,0.26,0.2537,537,1
11236,2012-04-18,1,1,4,8,0,3,1,3,0.5,0.39,0.194,576,1
11245,2012-04-18,1,1,4,17,0,3,1,2,0.42,0.77,0.194,488,1
11246,2012-04-18,1,1,4,18,0,3,1,2,0.42,0.77,0.0,505,1
11260,2012-04-19,1,1,4,8,0,4,1,2,0.42,0.82,0.1045,677,1
11269,2012-04-19,1,1,4,17,0,4,1,1,0.6,0.43,0.0896,748,1
11270,2012-04-19,1,1,4,18,0,4,1,1,0.6,0.43,0.0896,776,1
11271,2012-04-19,1,1,4,19,0,4,1,1,0.58,0.46,0.1343,586,1
11284,2012-04-20,1,1,4,8,0,5,1,1,0.44,0.94,0.0,700,1
11292,2012-04-20,1,1,4,16,0,5,1,1,0.66,0.44,0.194,580,1
11293,2012-04-20,1,1,4,17,0,5,1,1,0.64,0.47,0.2836,819,1
11294,2012-04-20,1,1,4,18,0,5,1,1,0.62,0.5,0.2836,668,1
11295,2012-04-20,1,1,4,19,0,5,1,1,0.6,0.53,0.194,492,1
11305,2012-04-21,1,1,4,5,0,6,0,1,0.5,0.82,0.2537,1,0
11310,2012-04-21,1,1,4,10,0,6,0,1,0.6,0.64,0.2836,482,1
11311,2012-04-21,1,1,4,11,0,6,0,1,0.62,0.61,0.3284,608,1
11312,2012-04-21,1,1,4,12,0,6,0,1,0.64,0.57,0.2239,640,1
11313,2012-04-21,1,1,4,13,0,6,0,1,0.66,0.54,0.2239,649,1
11314,2012-04-21,1,1,4,14,0,6,0,1,0.7,0.45,0.2836,609,1
11315,2012-04-21,1,1,4,15,0,6,0,1,0.72,0.39,0.2537,628,1
11316,2012-04-21,1,1,4,16,0,6,0,1,0.7,0.42,0.3284,639,1
11317,2012-04-21,1,1,4,17,0,6,0,2,0.74,0.3,0.3881,568,1
11351,2012-04-23,1,1,4,3,0,1,1,2,0.32,0.81,0.2836,1,0
11356,2012-04-23,1,1,4,8,0,1,1,2,0.3,0.75,0.3284,482,1
11380,2012-04-24,1,1,4,8,0,2,1,1,0.34,0.61,0.2537,611,1
11389,2012-04-24,1,1,4,17,0,2,1,1,0.52,0.22,0.3881,691,1
11390,2012-04-24,1,1,4,18,0,2,1,1,0.5,0.18,0.0,632,1
11391,2012-04-24,1,1,4,19,0,2,1,1,0.5,0.18,0.2537,482,1
11404,2012-04-25,1,1,4,8,0,3,1,1,0.36,0.76,0.0896,654,1
11413,2012-04-25,1,1,4,17,0,3,1,1,0.6,0.2,0.2985,732,1
11414,2012-04-25,1,1,4,18,0,3,1,1,0.6,0.2,0.2836,709,1
11415,2012-04-25,1,1,4,19,0,3,1,1,0.6,0.2,0.194,543,1
11437,2012-04-26,1,1,4,17,0,4,1,1,0.54,0.77,0.1642,614,1
11438,2012-04-26,1,1,4,18,0,4,1,2,0.54,0.77,0.194,664,1
11452,2012-04-27,1,1,4,8,0,5,1,1,0.4,0.5,0.0,592,1
11461,2012-04-27,1,1,4,17,0,5,1,1,0.54,0.24,0.3881,702,1
11462,2012-04-27,1,1,4,18,0,5,1,1,0.52,0.25,0.3582,654,1
11504,2012-04-29,1,1,4,12,0,0,0,1,0.48,0.44,0.1045,584,1
11505,2012-04-29,1,1,4,13,0,0,0,1,0.5,0.45,0.1045,595,1
11506,2012-04-29,1,1,4,14,0,0,0,1,0.54,0.34,0.0,653,1
11507,2012-04-29,1,1,4,15,0,0,0,1,0.56,0.37,0.1343,603,1
11508,2012-04-29,1,1,4,16,0,0,0,1,0.6,0.28,0.194,587,1
11509,2012-04-29,1,1,4,17,0,0,0,1,0.62,0.27,0.2985,522,1
11510,2012-04-29,1,1,4,18,0,0,0,1,0.6,0.26,0.2836,487,1
11524,2012-04-30,1,1,4,8,0,1,1,1,0.4,0.43,0.194,596,1
11533,2012-04-30,1,1,4,17,0,1,1,1,0.56,0.6,0.1642,683,1
11534,2012-04-30,1,1,4,18,0,1,1,2,0.56,0.6,0.2239,664,1
11548,2012-05-01,1,1,5,8,0,2,1,2,0.52,0.94,0.2836,557,1
11557,2012-05-01,1,1,5,17,0,2,1,1,0.74,0.48,0.0896,681,1
11558,2012-05-01,1,1,5,18,0,2,1,1,0.7,0.54,0.1343,743,1
11559,2012-05-01,1,1,5,19,0,2,1,1,0.7,0.54,0.1343,487,1
11572,2012-05-02,1,1,5,8,0,3,1,2,0.56,0.88,0.0,666,1
11581,2012-05-02,1,1,5,17,0,3,1,1,0.6,0.73,0.2537,729,1
11582,2012-05-02,1,1,5,18,0,3,1,1,0.56,0.73,0.2239,813,1
11583,2012-05-02,1,1,5,19,0,3,1,1,0.54,0.77,0.2537,504,1
11596,2012-05-03,1,1,5,8,0,4,1,3,0.46,0.88,0.194,627,1
11605,2012-05-03,1,1,5,17,0,4,1,1,0.72,0.54,0.1343,704,1
11606,2012-05-03,1,1,5,18,0,4,1,1,0.72,0.58,0.1343,706,1
11607,2012-05-03,1,1,5,19,0,4,1,1,0.7,0.61,0.194,522,1
11620,2012-05-04,1,1,5,8,0,5,1,1,0.56,0.88,0.0,618,1
11629,2012-05-04,1,1,5,17,0,5,1,1,0.7,0.54,0.4627,643,1
11630,2012-05-04,1,1,5,18,0,5,1,1,0.7,0.54,0.4627,641,1
11646,2012-05-05,1,1,5,10,0,6,0,1,0.66,0.65,0.1343,432,1
11647,2012-05-05,1,1,5,11,0,6,0,1,0.7,0.58,0.0896,575,1
11648,2012-05-05,1,1,5,12,0,6,0,1,0.72,0.58,0.1045,550,1
11649,2012-05-05,1,1,5,13,0,6,0,1,0.74,0.55,0.1343,524,1
11651,2012-05-05,1,1,5,15,0,6,0,3,0.66,0.74,0.194,541,1
11652,2012-05-05,1,1,5,16,0,6,0,2,0.68,0.65,0.3881,540,1
11653,2012-05-05,1,1,5,17,0,6,0,2,0.68,0.65,0.2985,502,1
11654,2012-05-05,1,1,5,18,0,6,0,2,0.66,0.69,0.3582,434,1
11672,2012-05-06,1,1,5,12,0,0,0,2,0.6,0.64,0.0896,558,1
11673,2012-05-06,1,1,5,13,0,0,0,2,0.6,0.64,0.0,565,1
11674,2012-05-06,1,1,5,14,0,0,0,2,0.6,0.64,0.1045,518,1
11675,2012-05-06,1,1,5,15,0,0,0,2,0.62,0.61,0.1045,571,1
11676,2012-05-06,1,1,5,16,0,0,0,2,0.62,0.61,0.0,544,1
11677,2012-05-06,1,1,5,17,0,0,0,2,0.62,0.65,0.1343,511,1
11692,2012-05-07,1,1,5,8,0,1,1,2,0.5,0.82,0.194,639,1
11701,2012-05-07,1,1,5,17,0,1,1,2,0.6,0.53,0.3284,769,1
11702,2012-05-07,1,1,5,18,0,1,1,2,0.6,0.53,0.3582,680,1
11703,2012-05-07,1,1,5,19,0,1,1,1,0.58,0.56,0.3284,546,1
11716,2012-05-08,1,1,5,8,0,2,1,2,0.54,0.73,0.2985,641,1
11725,2012-05-08,1,1,5,17,0,2,1,2,0.64,0.69,0.2836,717,1
11726,2012-05-08,1,1,5,18,0,2,1,2,0.64,0.69,0.2836,710,1
11734,2012-05-09,1,1,5,2,0,3,1,3,0.56,0.88,0.4478,1,0
11740,2012-05-09,1,1,5,8,0,3,1,2,0.6,0.83,0.1343,622,1
11749,2012-05-09,1,1,5,17,0,3,1,2,0.64,0.53,0.1343,705,1
11764,2012-05-10,1,1,5,8,0,4,1,1,0.46,0.67,0.3582,630,1
11773,2012-05-10,1,1,5,17,0,4,1,1,0.6,0.31,0.3881,732,1
11774,2012-05-10,1,1,5,18,0,4,1,1,0.56,0.35,0.5224,770,1
11775,2012-05-10,1,1,5,19,0,4,1,1,0.54,0.37,0.3582,553,1
11788,2012-05-11,1,1,5,8,0,5,1,1,0.46,0.44,0.2537,620,1
11795,2012-05-11,1,1,5,15,0,5,1,1,0.62,0.25,0.194,439,1
11796,2012-05-11,1,1,5,16,0,5,1,1,0.62,0.25,0.3284,525,1
11797,2012-05-11,1,1,5,17,0,5,1,1,0.64,0.23,0.2537,779,1
11798,2012-05-11,1,1,5,18,0,5,1,1,0.64,0.23,0.2836,596,1
11799,2012-05-11,1,1,5,19,0,5,1,1,0.64,0.23,0.2537,503,1
11815,2012-05-12,1,1,5,11,0,6,0,1,0.62,0.41,0.0896,522,1
11816,2012-05-12,1,1,5,12,0,6,0,1,0.64,0.36,0.1642,559,1
11817,2012-05-12,1,1,5,13,0,6,0,1,0.64,0.36,0.194,659,1
11818,2012-05-12,1,1,5,14,0,6,0,1,0.66,0.36,0.194,615,1
11819,2012-05-12,1,1,5,15,0,6,0,1,0.68,0.24,0.194,590,1
11820,2012-05-12,1,1,5,16,0,6,0,2,0.7,0.21,0.194,591,1
11821,2012-05-12,1,1,5,17,0,6,0,2,0.66,0.36,0.194,576,1
11822,2012-05-12,1,1,5,18,0,6,0,2,0.66,0.31,0.194,546,1
11823,2012-05-12,1,1,5,19,0,6,0,2,0.64,0.36,0.1642,439,1
11840,2012-05-13,1,1,5,12,0,0,0,1,0.64,0.57,0.2239,531,1
11841,2012-05-13,1,1,5,13,0,0,0,1,0.68,0.54,0.2537,602,1
11842,2012-05-13,1,1,5,14,0,0,0,1,0.7,0.48,0.1343,552,1
11843,2012-05-13,1,1,5,15,0,0,0,1,0.72,0.45,0.3582,499,1
11844,2012-05-13,1,1,5,16,0,0,0,1,0.72,0.42,0.2537,564,1
11893,2012-05-15,1,1,5,17,0,2,1,1,0.68,0.65,0.1045,678,1
11894,2012-05-15,1,1,5,18,0,2,1,1,0.7,0.61,0.0896,733,1
11895,2012-05-15,1,1,5,19,0,2,1,1,0.66,0.69,0.1642,512,1
11908,2012-05-16,1,1,5,8,0,3,1,1,0.58,0.83,0.0,650,1
11917,2012-05-16,1,1,5,17,0,3,1,1,0.72,0.51,0.194,873,1
11918,2012-05-16,1,1,5,18,0,3,1,1,0.72,0.51,0.2239,846,1
11919,2012-05-16,1,1,5,19,0,3,1,1,0.7,0.54,0.2836,590,1
11932,2012-05-17,1,1,5,8,0,4,1,1,0.52,0.55,0.4478,634,1
11940,2012-05-17,1,1,5,16,0,4,1,1,0.66,0.31,0.194,430,1
11941,2012-05-17,1,1,5,17,0,4,1,1,0.66,0.31,0.1343,852,1
11942,2012-05-17,1,1,5,18,0,4,1,1,0.66,0.27,0.1642,868,1
11943,2012-05-17,1,1,5,19,0,4,1,1,0.64,0.31,0.194,537,1
11955,2012-05-18,1,1,5,7,0,5,1,1,0.46,0.82,0.1045,515,1
11956,2012-05-18,1,1,5,8,0,5,1,1,0.52,0.59,0.1343,745,1
11964,2012-05-18,1,1,5,16,0,5,1,1,0.66,0.34,0.2537,568,1
11965,2012-05-18,1,1,5,17,0,5,1,1,0.66,0.34,0.1343,812,1
11966,2012-05-18,1,1,5,18,0,5,1,1,0.64,0.38,0.2239,669,1
11967,2012-05-18,1,1,5,19,0,5,1,1,0.62,0.41,0.194,483,1
11983,2012-05-19,1,1,5,11,0,6,0,1,0.62,0.38,0.0896,586,1
11984,2012-05-19,1,1,5,12,0,6,0,1,0.66,0.36,0.0,642,1
11985,2012-05-19,1,1,5,13,0,6,0,1,0.7,0.37,0.1343,704,1
11986,2012-05-19,1,1,5,14,0,6,0,1,0.72,0.3,0.0896,730,1
11987,2012-05-19,1,1,5,15,0,6,0,1,0.72,0.3,0.1045,672,1
11988,2012-05-19,1,1,5,16,0,6,0,1,0.74,0.3,0.1045,642,1
11989,2012-05-19,1,1,5,17,0,6,0,1,0.74,0.3,0.0896,626,1
11990,2012-05-19,1,1,5,18,0,6,0,1,0.74,0.33,0.0896,645,1
11991,2012-05-19,1,1,5,19,0,6,0,1,0.7,0.39,0.1343,432,1
12006,2012-05-20,1,1,5,10,0,0,0,1,0.66,0.34,0.2985,432,1
12007,2012-05-20,1,1,5,11,0,0,0,1,0.66,0.36,0.3284,581,1
12008,2012-05-20,1,1,5,12,0,0,0,1,0.68,0.36,0.3284,637,1
12009,2012-05-20,1,1,5,13,0,0,0,1,0.7,0.37,0.2836,607,1
12010,2012-05-20,1,1,5,14,0,0,0,1,0.72,0.39,0.3881,543,1
12011,2012-05-20,1,1,5,15,0,0,0,2,0.7,0.39,0.4179,502,1
12012,2012-05-20,1,1,5,16,0,0,0,1,0.72,0.42,0.3582,577,1
12013,2012-05-20,1,1,5,17,0,0,0,1,0.72,0.45,0.3284,549,1
12037,2012-05-21,1,1,5,17,0,1,1,2,0.66,0.69,0.2537,508,1
12038,2012-05-21,1,1,5,18,0,1,1,1,0.64,0.73,0.1045,530,1
12052,2012-05-22,1,1,5,8,0,2,1,2,0.56,0.88,0.1343,590,1
12061,2012-05-22,1,1,5,17,0,2,1,1,0.72,0.54,0.0,785,1
12062,2012-05-22,1,1,5,18,0,2,1,1,0.68,0.61,0.1343,785,1
12076,2012-05-23,1,1,5,8,0,3,1,1,0.58,0.83,0.0,719,1
12100,2012-05-24,1,1,5,8,0,4,1,1,0.62,0.73,0.1343,692,1
12109,2012-05-24,1,1,5,17,0,4,1,1,0.74,0.55,0.2836,798,1
12110,2012-05-24,1,1,5,18,0,4,1,1,0.72,0.54,0.3284,752,1
12111,2012-05-24,1,1,5,19,0,4,1,1,0.7,0.61,0.2985,492,1
12124,2012-05-25,1,1,5,8,0,5,1,2,0.64,0.89,0.1045,583,1
12132,2012-05-25,1,1,5,16,0,5,1,1,0.78,0.52,0.2239,584,1
12133,2012-05-25,1,1,5,17,0,5,1,1,0.76,0.62,0.2836,653,1
12134,2012-05-25,1,1,5,18,0,5,1,1,0.76,0.62,0.194,522,1
12150,2012-05-26,1,1,5,10,0,6,0,1,0.68,0.79,0.2239,437,1
12151,2012-05-26,1,1,5,11,0,6,0,1,0.7,0.74,0.194,520,1
12152,2012-05-26,1,1,5,12,0,6,0,1,0.74,0.66,0.2239,529,1
12153,2012-05-26,1,1,5,13,0,6,0,1,0.76,0.66,0.194,539,1
12154,2012-05-26,1,1,5,14,0,6,0,1,0.76,0.66,0.2239,564,1
12155,2012-05-26,1,1,5,15,0,6,0,1,0.76,0.66,0.2836,513,1
12156,2012-05-26,1,1,5,16,0,6,0,1,0.78,0.55,0.2537,504,1
12175,2012-05-27,1,1,5,11,0,0,0,1,0.72,0.66,0.2239,519,1
12176,2012-05-27,1,1,5,12,0,0,0,1,0.74,0.66,0.2537,570,1
12177,2012-05-27,1,1,5,13,0,0,0,1,0.76,0.58,0.194,498,1
12178,2012-05-27,1,1,5,14,0,0,0,1,0.76,0.58,0.2537,547,1
12179,2012-05-27,1,1,5,15,0,0,0,1,0.78,0.52,0.2836,535,1
12180,2012-05-27,1,1,5,16,0,0,0,1,0.78,0.52,0.2836,501,1
12181,2012-05-27,1,1,5,17,0,0,0,1,0.78,0.49,0.2985,522,1
12182,2012-05-27,1,1,5,18,0,0,0,1,0.76,0.58,0.2985,518,1
12200,2012-05-28,1,1,5,12,1,1,0,1,0.76,0.62,0.1343,525,1
12201,2012-05-28,1,1,5,13,1,1,0,1,0.8,0.63,0.2836,556,1
12204,2012-05-28,1,1,5,16,1,1,0,1,0.82,0.56,0.3284,501,1
12220,2012-05-29,1,1,5,8,0,2,1,1,0.7,0.74,0.194,634,1
12229,2012-05-29,1,1,5,17,0,2,1,1,0.82,0.46,0.4179,781,1
12230,2012-05-29,1,1,5,18,0,2,1,1,0.8,0.49,0.4925,710,1
12231,2012-05-29,1,1,5,19,0,2,1,1,0.78,0.52,0.3582,526,1
12243,2012-05-30,1,1,5,7,0,3,1,3,0.6,0.78,0.194,483,1
12244,2012-05-30,1,1,5,8,0,3,1,2,0.6,0.73,0.1642,671,1
12253,2012-05-30,1,1,5,17,0,3,1,1,0.74,0.48,0.0896,839,1
12254,2012-05-30,1,1,5,18,0,3,1,1,0.74,0.48,0.1642,796,1
12255,2012-05-30,1,1,5,19,0,3,1,1,0.72,0.54,0.1642,556,1
12256,2012-05-30,1,1,5,20,0,3,1,2,0.54,0.6,0.1343,431,1
12267,2012-05-31,1,1,5,7,0,4,1,1,0.6,0.64,0.2836,507,1
12268,2012-05-31,1,1,5,8,0,4,1,1,0.62,0.57,0.2537,693,1
12276,2012-05-31,1,1,5,16,0,4,1,1,0.76,0.33,0.2836,487,1
12277,2012-05-31,1,1,5,17,0,4,1,1,0.76,0.31,0.1642,827,1
12278,2012-05-31,1,1,5,18,0,4,1,1,0.74,0.3,0.194,785,1
12279,2012-05-31,1,1,5,19,0,4,1,1,0.72,0.34,0.1642,591,1
12280,2012-05-31,1,1,5,20,0,4,1,1,0.68,0.44,0.1642,479,1
12292,2012-06-01,2,1,6,8,0,5,1,2,0.64,0.89,0.194,694,1
12318,2012-06-02,2,1,6,10,0,6,0,1,0.6,0.53,0.2985,493,1
12319,2012-06-02,2,1,6,11,0,6,0,1,0.58,0.46,0.2836,536,1
12320,2012-06-02,2,1,6,12,0,6,0,1,0.62,0.43,0.3582,668,1
12321,2012-06-02,2,1,6,13,0,6,0,1,0.62,0.41,0.2537,679,1
12322,2012-06-02,2,1,6,14,0,6,0,1,0.64,0.38,0.2985,647,1
12323,2012-06-02,2,1,6,15,0,6,0,1,0.64,0.38,0.2537,702,1
12324,2012-06-02,2,1,6,16,0,6,0,1,0.64,0.38,0.2537,644,1
12325,2012-06-02,2,1,6,17,0,6,0,1,0.64,0.36,0.0,586,1
12326,2012-06-02,2,1,6,18,0,6,0,1,0.64,0.36,0.0,512,1
12327,2012-06-02,2,1,6,19,0,6,0,1,0.64,0.36,0.1642,554,1
12343,2012-06-03,2,1,6,11,0,0,0,1,0.64,0.41,0.2537,511,1
12344,2012-06-03,2,1,6,12,0,0,0,1,0.66,0.39,0.2985,684,1
12345,2012-06-03,2,1,6,13,0,0,0,1,0.68,0.36,0.2836,686,1
12346,2012-06-03,2,1,6,14,0,0,0,1,0.68,0.36,0.3284,678,1
12347,2012-06-03,2,1,6,15,0,0,0,1,0.7,0.34,0.0,644,1
12348,2012-06-03,2,1,6,16,0,0,0,1,0.7,0.34,0.2985,662,1
12349,2012-06-03,2,1,6,17,0,0,0,1,0.7,0.34,0.2537,578,1
12350,2012-06-03,2,1,6,18,0,0,0,1,0.7,0.34,0.2537,496,1
12363,2012-06-04,2,1,6,7,0,1,1,1,0.56,0.6,0.2239,517,1
12364,2012-06-04,2,1,6,8,0,1,1,1,0.6,0.49,0.2239,665,1
12373,2012-06-04,2,1,6,17,0,1,1,1,0.64,0.38,0.4478,834,1
12374,2012-06-04,2,1,6,18,0,1,1,1,0.64,0.38,0.3881,822,1
12375,2012-06-04,2,1,6,19,0,1,1,1,0.62,0.38,0.4179,645,1
12387,2012-06-05,2,1,6,7,0,2,1,1,0.48,0.77,0.2985,569,1
12388,2012-06-05,2,1,6,8,0,2,1,2,0.48,0.77,0.2239,710,1
12397,2012-06-05,2,1,6,17,0,2,1,1,0.6,0.43,0.0,850,1
12398,2012-06-05,2,1,6,18,0,2,1,1,0.6,0.43,0.194,790,1
12399,2012-06-05,2,1,6,19,0,2,1,1,0.58,0.46,0.2537,513,1
12411,2012-06-06,2,1,6,7,0,3,1,1,0.5,0.72,0.0,547,1
12412,2012-06-06,2,1,6,8,0,3,1,1,0.54,0.68,0.0,668,1
12421,2012-06-06,2,1,6,17,0,3,1,1,0.62,0.43,0.1343,724,1
12422,2012-06-06,2,1,6,18,0,3,1,3,0.6,0.53,0.194,782,1
12423,2012-06-06,2,1,6,19,0,3,1,1,0.56,0.73,0.2985,538,1
12435,2012-06-07,2,1,6,7,0,4,1,1,0.5,0.82,0.1642,526,1
12436,2012-06-07,2,1,6,8,0,4,1,1,0.52,0.77,0.0,681,1
12445,2012-06-07,2,1,6,17,0,4,1,1,0.72,0.34,0.2537,869,1
12446,2012-06-07,2,1,6,18,0,4,1,1,0.7,0.34,0.2836,813,1
12447,2012-06-07,2,1,6,19,0,4,1,1,0.7,0.34,0.2836,602,1
12460,2012-06-08,2,1,6,8,0,5,1,1,0.58,0.6,0.0896,700,1
12468,2012-06-08,2,1,6,16,0,5,1,1,0.76,0.29,0.2985,523,1
12469,2012-06-08,2,1,6,17,0,5,1,1,0.76,0.29,0.194,793,1
12470,2012-06-08,2,1,6,18,0,5,1,1,0.76,0.27,0.2239,723,1
12471,2012-06-08,2,1,6,19,0,5,1,1,0.74,0.3,0.2239,555,1
12487,2012-06-09,2,1,6,11,0,6,0,1,0.76,0.35,0.0,569,1
12488,2012-06-09,2,1,6,12,0,6,0,1,0.8,0.29,0.2537,531,1
12489,2012-06-09,2,1,6,13,0,6,0,1,0.82,0.24,0.2836,585,1
12490,2012-06-09,2,1,6,14,0,6,0,1,0.82,0.23,0.194,593,1
12491,2012-06-09,2,1,6,15,0,6,0,1,0.84,0.2,0.2985,555,1
12492,2012-06-09,2,1,6,16,0,6,0,1,0.82,0.24,0.194,534,1
12493,2012-06-09,2,1,6,17,0,6,0,1,0.84,0.24,0.0,495,1
12511,2012-06-10,2,1,6,11,0,0,0,1,0.76,0.45,0.0896,499,1
12512,2012-06-10,2,1,6,12,0,0,0,1,0.82,0.3,0.0,502,1
12513,2012-06-10,2,1,6,13,0,0,0,1,0.84,0.28,0.1343,492,1
12514,2012-06-10,2,1,6,14,0,0,0,1,0.84,0.3,0.1343,500,1
12516,2012-06-10,2,1,6,16,0,0,0,1,0.84,0.36,0.2836,508,1
12517,2012-06-10,2,1,6,17,0,0,0,1,0.82,0.41,0.2836,521,1
12518,2012-06-10,2,1,6,18,0,0,0,1,0.82,0.38,0.2239,490,1
12531,2012-06-11,2,1,6,7,0,1,1,1,0.64,0.78,0.1045,503,1
12532,2012-06-11,2,1,6,8,0,1,1,1,0.66,0.74,0.1343,651,1
12541,2012-06-11,2,1,6,17,0,1,1,2,0.8,0.41,0.3582,800,1
12542,2012-06-11,2,1,6,18,0,1,1,2,0.8,0.43,0.2985,831,1
12543,2012-06-11,2,1,6,19,0,1,1,2,0.76,0.48,0.3284,596,1
12556,2012-06-12,2,1,6,8,0,2,1,2,0.62,0.88,0.2239,613,1
12565,2012-06-12,2,1,6,17,0,2,1,2,0.66,0.89,0.2836,681,1
12566,2012-06-12,2,1,6,18,0,2,1,1,0.68,0.83,0.194,653,1
12567,2012-06-12,2,1,6,19,0,2,1,1,0.68,0.83,0.194,491,1
12579,2012-06-13,2,1,6,7,0,3,1,1,0.6,0.83,0.2985,505,1
12580,2012-06-13,2,1,6,8,0,3,1,2,0.62,0.73,0.5224,713,1
12589,2012-06-13,2,1,6,17,0,3,1,1,0.72,0.32,0.4925,857,1
12590,2012-06-13,2,1,6,18,0,3,1,1,0.72,0.32,0.4478,744,1
12591,2012-06-13,2,1,6,19,0,3,1,1,0.7,0.34,0.3881,671,1
12603,2012-06-14,2,1,6,7,0,4,1,1,0.6,0.6,0.2836,506,1
12604,2012-06-14,2,1,6,8,0,4,1,1,0.6,0.64,0.3284,719,1
12612,2012-06-14,2,1,6,16,0,4,1,1,0.72,0.51,0.2836,438,1
12613,2012-06-14,2,1,6,17,0,4,1,1,0.72,0.48,0.2239,867,1
12614,2012-06-14,2,1,6,18,0,4,1,1,0.74,0.42,0.194,823,1
12615,2012-06-14,2,1,6,19,0,4,1,1,0.7,0.48,0.2537,579,1
12616,2012-06-14,2,1,6,20,0,4,1,1,0.66,0.65,0.2537,435,1
12627,2012-06-15,2,1,6,7,0,5,1,1,0.56,0.83,0.1642,430,1
12628,2012-06-15,2,1,6,8,0,5,1,1,0.6,0.69,0.1642,653,1
12636,2012-06-15,2,1,6,16,0,5,1,1,0.72,0.37,0.194,558,1
12637,2012-06-15,2,1,6,17,0,5,1,1,0.74,0.37,0.2836,823,1
12638,2012-06-15,2,1,6,18,0,5,1,1,0.72,0.39,0.2239,693,1
12654,2012-06-16,2,1,6,10,0,6,0,1,0.64,0.47,0.194,435,1
12655,2012-06-16,2,1,6,11,0,6,0,1,0.66,0.39,0.1642,566,1
12656,2012-06-16,2,1,6,12,0,6,0,1,0.68,0.41,0.1045,603,1
12657,2012-06-16,2,1,6,13,0,6,0,1,0.72,0.34,0.1642,617,1
12658,2012-06-16,2,1,6,14,0,6,0,1,0.72,0.37,0.2239,573,1
12659,2012-06-16,2,1,6,15,0,6,0,1,0.74,0.35,0.2537,583,1
12660,2012-06-16,2,1,6,16,0,6,0,2,0.72,0.37,0.1045,542,1
12661,2012-06-16,2,1,6,17,0,6,0,2,0.72,0.37,0.2537,593,1
12662,2012-06-16,2,1,6,18,0,6,0,2,0.72,0.37,0.2239,571,1
12678,2012-06-17,2,1,6,10,0,0,0,1,0.58,0.64,0.0,436,1
12679,2012-06-17,2,1,6,11,0,0,0,1,0.62,0.57,0.1045,546,1
12680,2012-06-17,2,1,6,12,0,0,0,1,0.62,0.57,0.0,615,1
12681,2012-06-17,2,1,6,13,0,0,0,1,0.64,0.53,0.1642,614,1
12682,2012-06-17,2,1,6,14,0,0,0,1,0.64,0.53,0.0,582,1
12684,2012-06-17,2,1,6,16,0,0,0,1,0.66,0.54,0.2985,580,1
12685,2012-06-17,2,1,6,17,0,0,0,1,0.64,0.57,0.2239,593,1
12686,2012-06-17,2,1,6,18,0,0,0,1,0.64,0.53,0.194,513,1
12709,2012-06-18,2,1,6,17,0,1,1,2,0.6,0.73,0.194,723,1
12710,2012-06-18,2,1,6,18,0,1,1,2,0.62,0.69,0.1642,642,1
12723,2012-06-19,2,1,6,7,0,2,1,2,0.6,0.78,0.1343,480,1
12724,2012-06-19,2,1,6,8,0,2,1,2,0.6,0.78,0.1642,673,1
12733,2012-06-19,2,1,6,17,0,2,1,1,0.8,0.55,0.194,811,1
12734,2012-06-19,2,1,6,18,0,2,1,1,0.8,0.55,0.1642,795,1
12735,2012-06-19,2,1,6,19,0,2,1,1,0.8,0.59,0.2239,514,1
12748,2012-06-20,2,1,6,8,0,3,1,2,0.7,0.79,0.1045,643,1
12757,2012-06-20,2,1,6,17,0,3,1,1,0.9,0.37,0.0,691,1
12758,2012-06-20,2,1,6,18,0,3,1,1,0.9,0.37,0.0,672,1
12759,2012-06-20,2,1,6,19,0,3,1,1,0.88,0.37,0.2537,539,1
12772,2012-06-21,2,1,6,8,0,4,1,1,0.74,0.7,0.0,590,1
12781,2012-06-21,2,1,6,17,0,4,1,1,0.88,0.37,0.0,615,1
12782,2012-06-21,2,1,6,18,0,4,1,1,0.86,0.41,0.194,640,1
12783,2012-06-21,2,1,6,19,0,4,1,1,0.88,0.39,0.2239,499,1
12784,2012-06-21,2,1,6,20,0,4,1,1,0.86,0.44,0.194,436,1
12796,2012-06-22,2,1,6,8,0,5,1,1,0.76,0.55,0.1343,613,1
12805,2012-06-22,2,1,6,17,0,5,1,2,0.82,0.38,0.1642,646,1
12806,2012-06-22,2,1,6,18,0,5,1,2,0.8,0.55,0.194,505,1
12822,2012-06-23,2,1,6,10,0,6,0,1,0.74,0.55,0.194,494,1
12823,2012-06-23,2,1,6,11,0,6,0,1,0.76,0.48,0.2239,516,1
12824,2012-06-23,2,1,6,12,0,6,0,1,0.8,0.43,0.194,602,1
12825,2012-06-23,2,1,6,13,0,6,0,1,0.82,0.34,0.194,564,1
12826,2012-06-23,2,1,6,14,0,6,0,1,0.78,0.33,0.2537,609,1
12827,2012-06-23,2,1,6,15,0,6,0,1,0.84,0.3,0.3284,483,1
12828,2012-06-23,2,1,6,16,0,6,0,1,0.84,0.26,0.2985,513,1
12829,2012-06-23,2,1,6,17,0,6,0,1,0.82,0.26,0.2537,530,1
12830,2012-06-23,2,1,6,18,0,6,0,1,0.82,0.26,0.2985,481,1
12847,2012-06-24,2,1,6,11,0,0,0,1,0.76,0.4,0.1343,506,1
12848,2012-06-24,2,1,6,12,0,0,0,1,0.8,0.33,0.2239,556,1
12849,2012-06-24,2,1,6,13,0,0,0,1,0.8,0.33,0.2836,585,1
12850,2012-06-24,2,1,6,14,0,0,0,1,0.84,0.3,0.2985,551,1
12851,2012-06-24,2,1,6,15,0,0,0,1,0.86,0.28,0.2239,487,1
12853,2012-06-24,2,1,6,17,0,0,0,1,0.84,0.32,0.2537,532,1
12854,2012-06-24,2,1,6,18,0,0,0,1,0.82,0.34,0.2537,534,1
12867,2012-06-25,2,1,6,7,0,1,1,1,0.66,0.74,0.2239,485,1
12868,2012-06-25,2,1,6,8,0,1,1,1,0.66,0.69,0.194,608,1
12877,2012-06-25,2,1,6,17,0,1,1,1,0.8,0.24,0.4627,833,1
12878,2012-06-25,2,1,6,18,0,1,1,1,0.76,0.27,0.4478,791,1
12879,2012-06-25,2,1,6,19,0,1,1,1,0.74,0.27,0.4627,582,1
12891,2012-06-26,2,1,6,7,0,2,1,1,0.52,0.52,0.3582,552,1
12892,2012-06-26,2,1,6,8,0,2,1,1,0.56,0.49,0.3284,656,1
12901,2012-06-26,2,1,6,17,0,2,1,1,0.72,0.28,0.4179,900,1
12902,2012-06-26,2,1,6,18,0,2,1,1,0.72,0.28,0.3582,824,1
12903,2012-06-26,2,1,6,19,0,2,1,1,0.72,0.28,0.2239,612,1
12904,2012-06-26,2,1,6,20,0,2,1,1,0.7,0.3,0.2836,505,1
12915,2012-06-27,2,1,6,7,0,3,1,1,0.6,0.43,0.3582,527,1
12916,2012-06-27,2,1,6,8,0,3,1,1,0.62,0.43,0.3284,687,1
12925,2012-06-27,2,1,6,17,0,3,1,1,0.82,0.24,0.3881,843,1
12926,2012-06-27,2,1,6,18,0,3,1,1,0.8,0.27,0.3284,804,1
12927,2012-06-27,2,1,6,19,0,3,1,1,0.78,0.29,0.3284,643,1
12939,2012-06-28,2,1,6,7,0,4,1,1,0.62,0.61,0.1045,508,1
12940,2012-06-28,2,1,6,8,0,4,1,1,0.66,0.5,0.1343,617,1
12949,2012-06-28,2,1,6,17,0,4,1,1,0.88,0.22,0.194,705,1
12950,2012-06-28,2,1,6,18,0,4,1,1,0.86,0.25,0.2239,697,1
12951,2012-06-28,2,1,6,19,0,4,1,1,0.84,0.3,0.2985,571,1
12964,2012-06-29,2,1,6,8,0,5,1,2,0.74,0.55,0.1045,624,1
12973,2012-06-29,2,1,6,17,0,5,1,1,0.98,0.34,0.194,539,1
13016,2012-07-01,2,1,7,12,0,0,0,1,0.9,0.37,0.2239,433,1
13036,2012-07-02,2,1,7,8,0,1,1,1,0.76,0.52,0.194,568,1
13045,2012-07-02,2,1,7,17,0,1,1,1,0.84,0.32,0.1343,747,1
13046,2012-07-02,2,1,7,18,0,1,1,1,0.84,0.32,0.1642,730,1
13047,2012-07-02,2,1,7,19,0,1,1,1,0.78,0.43,0.1343,581,1
13059,2012-07-03,2,1,7,7,0,2,1,1,0.74,0.58,0.0,483,1
13060,2012-07-03,2,1,7,8,0,2,1,1,0.74,0.62,0.0896,646,1
13068,2012-07-03,2,1,7,16,0,2,1,2,0.9,0.24,0.194,527,1
13069,2012-07-03,2,1,7,17,0,2,1,2,0.86,0.3,0.1642,722,1
13070,2012-07-03,2,1,7,18,0,2,1,2,0.86,0.3,0.0,627,1
13071,2012-07-03,2,1,7,19,0,2,1,2,0.84,0.36,0.1343,497,1
13087,2012-07-04,2,1,7,11,1,3,0,1,0.82,0.46,0.1343,485,1
13088,2012-07-04,2,1,7,12,1,3,0,1,0.86,0.41,0.2239,494,1
13089,2012-07-04,2,1,7,13,1,3,0,1,0.9,0.35,0.0,499,1
13090,2012-07-04,2,1,7,14,1,3,0,1,0.9,0.37,0.1642,547,1
13094,2012-07-04,2,1,7,18,1,3,0,1,0.9,0.42,0.194,430,1
13095,2012-07-04,2,1,7,19,1,3,0,1,0.86,0.47,0.2239,432,1
13096,2012-07-04,2,1,7,20,1,3,0,1,0.86,0.47,0.2239,551,1
13097,2012-07-04,2,1,7,21,1,3,0,1,0.84,0.53,0.1343,584,1
13098,2012-07-04,2,1,7,22,1,3,0,1,0.82,0.56,0.2239,502,0
13108,2012-07-05,2,1,7,8,0,4,1,1,0.8,0.49,0.1343,550,1
13116,2012-07-05,2,1,7,16,0,4,1,1,0.92,0.33,0.2537,433,1
13117,2012-07-05,2,1,7,17,0,4,1,1,0.92,0.35,0.1642,689,1
13118,2012-07-05,2,1,7,18,0,4,1,2,0.9,0.39,0.3284,607,1
13119,2012-07-05,2,1,7,19,0,4,1,2,0.88,0.39,0.2537,503,1
13132,2012-07-06,2,1,7,8,0,5,1,1,0.8,0.41,0.1642,585,1
13141,2012-07-06,2,1,7,17,0,5,1,1,0.92,0.29,0.0,576,1
13142,2012-07-06,2,1,7,18,0,5,1,1,0.9,0.33,0.2537,560,1
13213,2012-07-09,2,1,7,17,0,1,1,1,0.78,0.4,0.1642,849,1
13214,2012-07-09,2,1,7,18,0,1,1,1,0.76,0.48,0.1343,872,1
13215,2012-07-09,2,1,7,19,0,1,1,1,0.74,0.55,0.1642,631,1
13227,2012-07-10,2,1,7,7,0,2,1,2,0.7,0.74,0.1045,520,1
13228,2012-07-10,2,1,7,8,0,2,1,1,0.72,0.74,0.1343,649,1
13236,2012-07-10,2,1,7,16,0,2,1,1,0.8,0.43,0.2239,435,1
13237,2012-07-10,2,1,7,17,0,2,1,1,0.78,0.49,0.194,872,1
13238,2012-07-10,2,1,7,18,0,2,1,3,0.7,0.74,0.2239,819,1
13251,2012-07-11,2,1,7,7,0,3,1,2,0.66,0.83,0.1045,497,1
13252,2012-07-11,2,1,7,8,0,3,1,2,0.68,0.79,0.1642,674,1
13261,2012-07-11,2,1,7,17,0,3,1,1,0.8,0.31,0.2239,830,1
13262,2012-07-11,2,1,7,18,0,3,1,1,0.78,0.38,0.2537,814,1
13263,2012-07-11,2,1,7,19,0,3,1,1,0.74,0.48,0.2239,633,1
13264,2012-07-11,2,1,7,20,0,3,1,1,0.74,0.51,0.1642,483,1
13275,2012-07-12,2,1,7,7,0,4,1,1,0.64,0.73,0.1343,512,1
13276,2012-07-12,2,1,7,8,0,4,1,1,0.68,0.65,0.1343,702,1
13284,2012-07-12,2,1,7,16,0,4,1,1,0.8,0.36,0.194,439,1
13285,2012-07-12,2,1,7,17,0,4,1,1,0.76,0.43,0.2239,795,1
13286,2012-07-12,2,1,7,18,0,4,1,1,0.76,0.45,0.1343,825,1
13287,2012-07-12,2,1,7,19,0,4,1,1,0.74,0.48,0.2239,629,1
13288,2012-07-12,2,1,7,20,0,4,1,1,0.74,0.48,0.2239,514,1
13300,2012-07-13,2,1,7,8,0,5,1,2,0.7,0.54,0.0,713,1
13308,2012-07-13,2,1,7,16,0,5,1,2,0.8,0.36,0.2239,492,1
13309,2012-07-13,2,1,7,17,0,5,1,2,0.8,0.36,0.1642,835,1
13310,2012-07-13,2,1,7,18,0,5,1,1,0.78,0.46,0.194,631,1
13311,2012-07-13,2,1,7,19,0,5,1,1,0.74,0.51,0.1642,488,1
13327,2012-07-14,2,1,7,11,0,6,0,2,0.72,0.7,0.1045,439,1
13328,2012-07-14,2,1,7,12,0,6,0,2,0.74,0.66,0.0896,499,1
13329,2012-07-14,2,1,7,13,0,6,0,2,0.76,0.62,0.0896,591,1
13330,2012-07-14,2,1,7,14,0,6,0,1,0.8,0.55,0.1045,632,1
13331,2012-07-14,2,1,7,15,0,6,0,1,0.8,0.55,0.1642,560,1
13332,2012-07-14,2,1,7,16,0,6,0,2,0.72,0.79,0.3582,566,1
13335,2012-07-14,2,1,7,19,0,6,0,1,0.72,0.84,0.0896,431,1
13352,2012-07-15,2,1,7,12,0,0,0,1,0.84,0.47,0.1045,489,1
13353,2012-07-15,2,1,7,13,0,0,0,1,0.86,0.41,0.1045,480,1
13355,2012-07-15,2,1,7,15,0,0,0,1,0.86,0.47,0.1343,489,1
13356,2012-07-15,2,1,7,16,0,0,0,1,0.86,0.41,0.2239,495,1
13357,2012-07-15,2,1,7,17,0,0,0,1,0.8,0.59,0.4925,436,1
13371,2012-07-16,2,1,7,7,0,1,1,1,0.72,0.7,0.0896,483,1
13372,2012-07-16,2,1,7,8,0,1,1,1,0.74,0.66,0.1045,667,1
13381,2012-07-16,2,1,7,17,0,1,1,3,0.76,0.66,0.5821,755,1
13382,2012-07-16,2,1,7,18,0,1,1,1,0.84,0.53,0.0,794,1
13383,2012-07-16,2,1,7,19,0,1,1,1,0.8,0.63,0.1343,595,1
13395,2012-07-17,2,1,7,7,0,2,1,2,0.74,0.7,0.0,526,1
13396,2012-07-17,2,1,7,8,0,2,1,2,0.8,0.55,0.0,661,1
13405,2012-07-17,2,1,7,17,0,2,1,1,0.92,0.29,0.0,770,1
13406,2012-07-17,2,1,7,18,0,2,1,1,0.9,0.33,0.194,772,1
13407,2012-07-17,2,1,7,19,0,2,1,1,0.88,0.35,0.2537,547,1
13419,2012-07-18,2,1,7,7,0,3,1,1,0.74,0.66,0.1642,495,1
13420,2012-07-18,2,1,7,8,0,3,1,1,0.78,0.62,0.1045,679,1
13430,2012-07-18,2,1,7,18,0,3,1,2,0.76,0.62,0.1343,643,1
13431,2012-07-18,2,1,7,19,0,3,1,2,0.76,0.62,0.1045,516,1
13444,2012-07-19,2,1,7,8,0,4,1,1,0.76,0.58,0.2537,657,1
13453,2012-07-19,2,1,7,17,0,4,1,1,0.86,0.41,0.0,771,1
13454,2012-07-19,2,1,7,18,0,4,1,1,0.86,0.41,0.194,777,1
13455,2012-07-19,2,1,7,19,0,4,1,1,0.84,0.44,0.2537,533,1
13456,2012-07-19,2,1,7,20,0,4,1,1,0.82,0.49,0.1642,505,1
13468,2012-07-20,2,1,7,8,0,5,1,2,0.68,0.83,0.1642,691,1
13476,2012-07-20,2,1,7,16,0,5,1,2,0.68,0.83,0.3284,436,1
13477,2012-07-20,2,1,7,17,0,5,1,2,0.66,0.89,0.4179,715,1
13478,2012-07-20,2,1,7,18,0,5,1,2,0.66,0.78,0.3284,622,1
13519,2012-07-22,2,1,7,11,0,0,0,2,0.66,0.74,0.0,505,1
13520,2012-07-22,2,1,7,12,0,0,0,2,0.7,0.7,0.1045,504,1
13521,2012-07-22,2,1,7,13,0,0,0,2,0.7,0.65,0.0896,626,1
13522,2012-07-22,2,1,7,14,0,0,0,1,0.72,0.66,0.1045,616,1
13523,2012-07-22,2,1,7,15,0,0,0,1,0.72,0.66,0.1045,624,1
13524,2012-07-22,2,1,7,16,0,0,0,1,0.74,0.66,0.1045,628,1
13525,2012-07-22,2,1,7,17,0,0,0,1,0.74,0.66,0.2239,556,1
13526,2012-07-22,2,1,7,18,0,0,0,1,0.74,0.66,0.1642,515,1
13527,2012-07-22,2,1,7,19,0,0,0,1,0.72,0.7,0.1642,522,1
13540,2012-07-23,2,1,7,8,0,1,1,1,0.72,0.79,0.1045,738,1
13549,2012-07-23,2,1,7,17,0,1,1,1,0.82,0.52,0.1343,847,1
13550,2012-07-23,2,1,7,18,0,1,1,1,0.82,0.46,0.1045,741,1
13551,2012-07-23,2,1,7,19,0,1,1,1,0.8,0.52,0.2537,582,1
13563,2012-07-24,2,1,7,7,0,2,1,1,0.7,0.74,0.1642,516,1
13564,2012-07-24,2,1,7,8,0,2,1,1,0.74,0.7,0.194,743,1
13573,2012-07-24,2,1,7,17,0,2,1,1,0.8,0.52,0.3284,869,1
13574,2012-07-24,2,1,7,18,0,2,1,1,0.76,0.62,0.3284,877,1
13575,2012-07-24,2,1,7,19,0,2,1,1,0.76,0.62,0.1642,632,1
13576,2012-07-24,2,1,7,20,0,2,1,1,0.74,0.66,0.1642,523,1
13587,2012-07-25,2,1,7,7,0,3,1,1,0.66,0.5,0.3284,507,1
13588,2012-07-25,2,1,7,8,0,3,1,1,0.7,0.42,0.2537,788,1
13596,2012-07-25,2,1,7,16,0,3,1,1,0.8,0.29,0.1642,484,1
13597,2012-07-25,2,1,7,17,0,3,1,1,0.8,0.31,0.0,913,1
13598,2012-07-25,2,1,7,18,0,3,1,1,0.8,0.27,0.1343,891,1
13599,2012-07-25,2,1,7,19,0,3,1,1,0.76,0.33,0.1343,698,1
13600,2012-07-25,2,1,7,20,0,3,1,1,0.74,0.4,0.1642,567,1
13611,2012-07-26,2,1,7,7,0,4,1,1,0.7,0.74,0.2537,495,1
13612,2012-07-26,2,1,7,8,0,4,1,2,0.7,0.74,0.2537,729,1
13621,2012-07-26,2,1,7,17,0,4,1,1,0.9,0.45,0.4179,738,1
13622,2012-07-26,2,1,7,18,0,4,1,1,0.92,0.4,0.3582,688,1
13623,2012-07-26,2,1,7,19,0,4,1,1,0.9,0.45,0.3284,614,1
13636,2012-07-27,2,1,7,8,0,5,1,1,0.76,0.66,0.0896,676,1
13644,2012-07-27,2,1,7,16,0,5,1,1,0.84,0.47,0.2239,499,1
13645,2012-07-27,2,1,7,17,0,5,1,1,0.86,0.41,0.2836,699,1
13646,2012-07-27,2,1,7,18,0,5,1,1,0.82,0.46,0.1642,622,1
13647,2012-07-27,2,1,7,19,0,5,1,1,0.82,0.52,0.194,516,1
13664,2012-07-28,2,1,7,12,0,6,0,1,0.84,0.41,0.2239,487,1
13665,2012-07-28,2,1,7,13,0,6,0,1,0.86,0.41,0.2836,498,1
13666,2012-07-28,2,1,7,14,0,6,0,1,0.86,0.39,0.2537,494,1
13667,2012-07-28,2,1,7,15,0,6,0,1,0.88,0.32,0.2836,497,1
13668,2012-07-28,2,1,7,16,0,6,0,1,0.86,0.39,0.2239,487,1
13669,2012-07-28,2,1,7,17,0,6,0,1,0.82,0.46,0.194,479,1
13670,2012-07-28,2,1,7,18,0,6,0,1,0.82,0.43,0.2836,481,1
13687,2012-07-29,2,1,7,11,0,0,0,1,0.76,0.55,0.2239,509,1
13688,2012-07-29,2,1,7,12,0,0,0,1,0.76,0.55,0.3284,511,1
13689,2012-07-29,2,1,7,13,0,0,0,1,0.8,0.49,0.2239,483,1
13690,2012-07-29,2,1,7,14,0,0,0,1,0.8,0.46,0.194,522,1
13691,2012-07-29,2,1,7,15,0,0,0,1,0.8,0.43,0.1343,501,1
13692,2012-07-29,2,1,7,16,0,0,0,1,0.8,0.43,0.1343,521,1
13693,2012-07-29,2,1,7,17,0,0,0,1,0.82,0.41,0.1642,531,1
13708,2012-07-30,2,1,7,8,0,1,1,2,0.72,0.74,0.1045,751,1
13717,2012-07-30,2,1,7,17,0,1,1,1,0.76,0.55,0.3284,827,1
13718,2012-07-30,2,1,7,18,0,1,1,1,0.76,0.58,0.4179,812,1
13719,2012-07-30,2,1,7,19,0,1,1,1,0.82,0.52,0.1642,665,1
13731,2012-07-31,2,1,7,7,0,2,1,1,0.68,0.83,0.2239,513,1
13732,2012-07-31,2,1,7,8,0,2,1,1,0.7,0.79,0.1343,760,1
13741,2012-07-31,2,1,7,17,0,2,1,1,0.78,0.52,0.2239,820,1
13742,2012-07-31,2,1,7,18,0,2,1,1,0.76,0.55,0.2836,857,1
13743,2012-07-31,2,1,7,19,0,2,1,3,0.74,0.62,0.3582,614,1
13755,2012-08-01,2,1,8,7,0,3,1,2,0.64,0.83,0.1343,487,1
13756,2012-08-01,2,1,8,8,0,3,1,2,0.66,0.78,0.194,681,1
13764,2012-08-01,2,1,8,16,0,3,1,1,0.8,0.55,0.2836,479,1
13765,2012-08-01,2,1,8,17,0,3,1,1,0.8,0.49,0.1642,837,1
13766,2012-08-01,2,1,8,18,0,3,1,3,0.76,0.62,0.2239,891,1
13767,2012-08-01,2,1,8,19,0,3,1,1,0.74,0.66,0.2537,652,1
13768,2012-08-01,2,1,8,20,0,3,1,1,0.74,0.66,0.1642,513,1
13780,2012-08-02,2,1,8,8,0,4,1,1,0.72,0.74,0.1045,739,1
13789,2012-08-02,2,1,8,17,0,4,1,1,0.82,0.52,0.2537,865,1
13790,2012-08-02,2,1,8,18,0,4,1,1,0.8,0.59,0.2239,767,1
13791,2012-08-02,2,1,8,19,0,4,1,1,0.8,0.63,0.1642,607,1
13804,2012-08-03,2,1,8,8,0,5,1,1,0.72,0.7,0.1343,668,1
13812,2012-08-03,2,1,8,16,0,5,1,2,0.86,0.41,0.2239,492,1
13813,2012-08-03,2,1,8,17,0,5,1,2,0.84,0.53,0.2836,741,1
13814,2012-08-03,2,1,8,18,0,5,1,2,0.82,0.59,0.2537,671,1
13832,2012-08-04,2,1,8,12,0,6,0,1,0.86,0.4,0.3582,547,1
13833,2012-08-04,2,1,8,13,0,6,0,1,0.88,0.42,0.2985,527,1
13835,2012-08-04,2,1,8,15,0,6,0,1,0.88,0.42,0.4179,489,1
13837,2012-08-04,2,1,8,17,0,6,0,1,0.88,0.37,0.2985,492,1
13838,2012-08-04,2,1,8,18,0,6,0,1,0.86,0.41,0.3284,490,1
13855,2012-08-05,2,1,8,11,0,0,0,1,0.82,0.56,0.4179,437,1
13856,2012-08-05,2,1,8,12,0,0,0,1,0.86,0.47,0.5224,491,1
13857,2012-08-05,2,1,8,13,0,0,0,1,0.88,0.44,0.4627,523,1
13858,2012-08-05,2,1,8,14,0,0,0,1,0.9,0.42,0.4627,526,1
13876,2012-08-06,2,1,8,8,0,1,1,2,0.7,0.79,0.0,605,1
13885,2012-08-06,2,1,8,17,0,1,1,1,0.82,0.41,0.0,858,1
13886,2012-08-06,2,1,8,18,0,1,1,1,0.82,0.41,0.1343,843,1
13887,2012-08-06,2,1,8,19,0,1,1,1,0.78,0.59,0.194,640,1
13899,2012-08-07,2,1,8,7,0,2,1,2,0.7,0.74,0.1343,502,1
13900,2012-08-07,2,1,8,8,0,2,1,2,0.7,0.7,0.1642,705,1
13909,2012-08-07,2,1,8,17,0,2,1,2,0.78,0.62,0.1343,868,1
13910,2012-08-07,2,1,8,18,0,2,1,2,0.76,0.62,0.1642,814,1
13911,2012-08-07,2,1,8,19,0,2,1,2,0.76,0.66,0.1045,610,1
13923,2012-08-08,2,1,8,7,0,3,1,2,0.7,0.84,0.1642,482,1
13924,2012-08-08,2,1,8,8,0,3,1,2,0.74,0.72,0.0896,737,1
13933,2012-08-08,2,1,8,17,0,3,1,2,0.8,0.55,0.2836,858,1
13934,2012-08-08,2,1,8,18,0,3,1,2,0.78,0.55,0.1642,862,1
13935,2012-08-08,2,1,8,19,0,3,1,1,0.76,0.66,0.2239,686,1
13936,2012-08-08,2,1,8,20,0,3,1,1,0.74,0.66,0.194,500,1
13948,2012-08-09,2,1,8,8,0,4,1,1,0.72,0.74,0.1045,698,1
13957,2012-08-09,2,1,8,17,0,4,1,1,0.86,0.36,0.2537,810,1
13958,2012-08-09,2,1,8,18,0,4,1,2,0.82,0.46,0.2537,811,1
13959,2012-08-09,2,1,8,19,0,4,1,1,0.8,0.55,0.194,623,1
13981,2012-08-10,2,1,8,17,0,5,1,1,0.8,0.52,0.2836,730,1
13982,2012-08-10,2,1,8,18,0,5,1,1,0.76,0.62,0.2985,640,1
13983,2012-08-10,2,1,8,19,0,5,1,1,0.76,0.62,0.2836,492,1
13999,2012-08-11,2,1,8,11,0,6,0,1,0.74,0.66,0.1642,499,1
14000,2012-08-11,2,1,8,12,0,6,0,1,0.76,0.58,0.2239,546,1
14001,2012-08-11,2,1,8,13,0,6,0,1,0.8,0.49,0.3582,569,1
14002,2012-08-11,2,1,8,14,0,6,0,1,0.8,0.49,0.2985,538,1
14003,2012-08-11,2,1,8,15,0,6,0,1,0.8,0.46,0.2836,562,1
14004,2012-08-11,2,1,8,16,0,6,0,1,0.8,0.46,0.2985,531,1
14005,2012-08-11,2,1,8,17,0,6,0,3,0.74,0.66,0.3582,512,1
14024,2012-08-12,2,1,8,12,0,0,0,1,0.74,0.42,0.194,505,1
14025,2012-08-12,2,1,8,13,0,0,0,1,0.78,0.4,0.0,543,1
14026,2012-08-12,2,1,8,14,0,0,0,1,0.76,0.4,0.194,579,1
14027,2012-08-12,2,1,8,15,0,0,0,1,0.76,0.4,0.1343,577,1
14028,2012-08-12,2,1,8,16,0,0,0,1,0.76,0.4,0.1045,513,1
14029,2012-08-12,2,1,8,17,0,0,0,1,0.8,0.33,0.0,505,1
14030,2012-08-12,2,1,8,18,0,0,0,1,0.78,0.35,0.1045,491,1
14043,2012-08-13,2,1,8,7,0,1,1,1,0.66,0.65,0.1343,436,1
14044,2012-08-13,2,1,8,8,0,1,1,2,0.72,0.51,0.0896,673,1
14053,2012-08-13,2,1,8,17,0,1,1,1,0.8,0.36,0.1642,818,1
14054,2012-08-13,2,1,8,18,0,1,1,1,0.76,0.52,0.2836,812,1
14055,2012-08-13,2,1,8,19,0,1,1,1,0.74,0.58,0.1642,555,1
14056,2012-08-13,2,1,8,20,0,1,1,1,0.74,0.62,0.2239,432,1
14068,2012-08-14,2,1,8,8,0,2,1,2,0.66,0.89,0.0896,618,1
14077,2012-08-14,2,1,8,17,0,2,1,3,0.76,0.66,0.2537,812,1
14078,2012-08-14,2,1,8,18,0,2,1,1,0.76,0.62,0.2836,854,1
14079,2012-08-14,2,1,8,19,0,2,1,1,0.76,0.66,0.194,627,1
14080,2012-08-14,2,1,8,20,0,2,1,1,0.74,0.74,0.2239,436,1
14091,2012-08-15,2,1,8,7,0,3,1,2,0.66,0.69,0.194,492,1
14092,2012-08-15,2,1,8,8,0,3,1,2,0.7,0.65,0.2836,682,1
14100,2012-08-15,2,1,8,16,0,3,1,1,0.76,0.48,0.194,431,1
14101,2012-08-15,2,1,8,17,0,3,1,1,0.74,0.55,0.2836,851,1
14102,2012-08-15,2,1,8,18,0,3,1,1,0.74,0.51,0.2239,848,1
14103,2012-08-15,2,1,8,19,0,3,1,1,0.7,0.61,0.1343,649,1
14116,2012-08-16,2,1,8,8,0,4,1,1,0.68,0.61,0.194,682,1
14125,2012-08-16,2,1,8,17,0,4,1,1,0.82,0.34,0.194,897,1
14126,2012-08-16,2,1,8,18,0,4,1,1,0.8,0.36,0.0,832,1
14127,2012-08-16,2,1,8,19,0,4,1,1,0.76,0.4,0.1045,677,1
14128,2012-08-16,2,1,8,20,0,4,1,1,0.76,0.4,0.0896,514,1
14140,2012-08-17,2,1,8,8,0,5,1,1,0.68,0.65,0.1343,668,1
14148,2012-08-17,2,1,8,16,0,5,1,2,0.84,0.32,0.4478,488,1
14149,2012-08-17,2,1,8,17,0,5,1,1,0.82,0.36,0.3284,791,1
14150,2012-08-17,2,1,8,18,0,5,1,2,0.82,0.38,0.2537,669,1
14151,2012-08-17,2,1,8,19,0,5,1,2,0.74,0.55,0.3881,491,1
14166,2012-08-18,2,1,8,10,0,6,0,1,0.7,0.54,0.1642,480,1
14167,2012-08-18,2,1,8,11,0,6,0,1,0.72,0.51,0.0,536,1
14168,2012-08-18,2,1,8,12,0,6,0,1,0.76,0.37,0.194,654,1
14169,2012-08-18,2,1,8,13,0,6,0,1,0.74,0.4,0.194,644,1
14170,2012-08-18,2,1,8,14,0,6,0,1,0.76,0.37,0.2836,598,1
14171,2012-08-18,2,1,8,15,0,6,0,1,0.76,0.37,0.2239,596,1
14172,2012-08-18,2,1,8,16,0,6,0,1,0.76,0.37,0.2537,641,1
14173,2012-08-18,2,1,8,17,0,6,0,1,0.76,0.37,0.2239,635,1
14174,2012-08-18,2,1,8,18,0,6,0,1,0.74,0.37,0.1642,554,1
14175,2012-08-18,2,1,8,19,0,6,0,1,0.7,0.45,0.1642,488,1
14212,2012-08-20,2,1,8,8,0,1,1,2,0.62,0.73,0.1045,655,1
14221,2012-08-20,2,1,8,17,0,1,1,1,0.7,0.58,0.2836,893,1
14222,2012-08-20,2,1,8,18,0,1,1,2,0.62,0.78,0.2537,815,1
14235,2012-08-21,2,1,8,7,0,2,1,1,0.6,0.78,0.1045,519,1
14236,2012-08-21,2,1,8,8,0,2,1,1,0.6,0.78,0.1343,723,1
14245,2012-08-21,2,1,8,17,0,2,1,1,0.74,0.51,0.2836,878,1
14246,2012-08-21,2,1,8,18,0,2,1,1,0.72,0.54,0.2239,625,1
14259,2012-08-22,2,1,8,7,0,3,1,1,0.62,0.78,0.0,553,1
14260,2012-08-22,2,1,8,8,0,3,1,1,0.64,0.73,0.0896,740,1
14269,2012-08-22,2,1,8,17,0,3,1,3,0.74,0.55,0.2239,783,1
14270,2012-08-22,2,1,8,18,0,3,1,3,0.66,0.61,0.2239,683,1
14271,2012-08-22,2,1,8,19,0,3,1,2,0.66,0.74,0.0,580,1
14283,2012-08-23,2,1,8,7,0,4,1,2,0.62,0.83,0.0896,481,1
14284,2012-08-23,2,1,8,8,0,4,1,2,0.66,0.74,0.0896,707,1
14293,2012-08-23,2,1,8,17,0,4,1,1,0.76,0.45,0.2239,820,1
14294,2012-08-23,2,1,8,18,0,4,1,1,0.74,0.48,0.2239,941,1
14295,2012-08-23,2,1,8,19,0,4,1,1,0.72,0.51,0.0896,633,1
14308,2012-08-24,2,1,8,8,0,5,1,2,0.66,0.74,0.0,744,1
14316,2012-08-24,2,1,8,16,0,5,1,2,0.76,0.48,0.1343,515,1
14317,2012-08-24,2,1,8,17,0,5,1,2,0.74,0.51,0.2239,812,1
14318,2012-08-24,2,1,8,18,0,5,1,2,0.72,0.62,0.194,736,1
14319,2012-08-24,2,1,8,19,0,5,1,2,0.72,0.58,0.1642,536,1
14336,2012-08-25,2,1,8,12,0,6,0,3,0.72,0.54,0.3881,584,1
14337,2012-08-25,2,1,8,13,0,6,0,2,0.72,0.51,0.3582,517,1
14338,2012-08-25,2,1,8,14,0,6,0,3,0.66,0.65,0.2537,482,1
14340,2012-08-25,2,1,8,16,0,6,0,2,0.66,0.74,0.2985,434,1
14359,2012-08-26,2,1,8,11,0,0,0,1,0.74,0.66,0.3582,482,1
14360,2012-08-26,2,1,8,12,0,0,0,3,0.72,0.74,0.3582,626,1
14361,2012-08-26,2,1,8,13,0,0,0,3,0.66,0.78,0.4179,541,1
14379,2012-08-27,2,1,8,7,0,1,1,1,0.66,0.83,0.0,433,1
14380,2012-08-27,2,1,8,8,0,1,1,1,0.66,0.83,0.0896,699,1
14389,2012-08-27,2,1,8,17,0,1,1,1,0.8,0.46,0.2239,845,1
14390,2012-08-27,2,1,8,18,0,1,1,1,0.78,0.52,0.2537,834,1
14391,2012-08-27,2,1,8,19,0,1,1,1,0.74,0.7,0.2239,573,1
14404,2012-08-28,2,1,8,8,0,2,1,2,0.66,0.85,0.1045,693,1
14412,2012-08-28,2,1,8,16,0,2,1,1,0.82,0.33,0.3284,480,1
14413,2012-08-28,2,1,8,17,0,2,1,1,0.8,0.35,0.3881,864,1
14414,2012-08-28,2,1,8,18,0,2,1,1,0.78,0.4,0.2537,818,1
14415,2012-08-28,2,1,8,19,0,2,1,1,0.74,0.45,0.1642,597,1
14416,2012-08-28,2,1,8,20,0,2,1,1,0.72,0.48,0.1045,435,1
14427,2012-08-29,2,1,8,7,0,3,1,1,0.64,0.65,0.0896,554,1
14428,2012-08-29,2,1,8,8,0,3,1,1,0.66,0.61,0.1642,808,1
14436,2012-08-29,2,1,8,16,0,3,1,1,0.76,0.37,0.1343,493,1
14437,2012-08-29,2,1,8,17,0,3,1,1,0.78,0.35,0.2239,870,1
14438,2012-08-29,2,1,8,18,0,3,1,1,0.74,0.42,0.1642,812,1
14439,2012-08-29,2,1,8,19,0,3,1,1,0.7,0.54,0.194,643,1
14451,2012-08-30,2,1,8,7,0,4,1,1,0.64,0.73,0.0,532,1
14452,2012-08-30,2,1,8,8,0,4,1,1,0.66,0.65,0.0,754,1
14460,2012-08-30,2,1,8,16,0,4,1,1,0.8,0.43,0.1642,482,1
14461,2012-08-30,2,1,8,17,0,4,1,1,0.82,0.34,0.2239,844,1
14462,2012-08-30,2,1,8,18,0,4,1,1,0.8,0.38,0.1343,853,1
14463,2012-08-30,2,1,8,19,0,4,1,1,0.76,0.48,0.1343,610,1
14476,2012-08-31,2,1,8,8,0,5,1,2,0.7,0.74,0.0,690,1
14482,2012-08-31,2,1,8,14,0,5,1,1,0.9,0.25,0.2239,436,1
14483,2012-08-31,2,1,8,15,0,5,1,1,0.9,0.27,0.2985,526,1
14484,2012-08-31,2,1,8,16,0,5,1,1,0.9,0.27,0.2537,528,1
14485,2012-08-31,2,1,8,17,0,5,1,1,0.88,0.32,0.1642,617,1
14486,2012-08-31,2,1,8,18,0,5,1,1,0.86,0.36,0.2537,546,1
14503,2012-09-01,3,1,9,11,0,6,0,2,0.8,0.55,0.2239,492,1
14505,2012-09-01,3,1,9,13,0,6,0,2,0.82,0.52,0.0896,504,1
14506,2012-09-01,3,1,9,14,0,6,0,2,0.86,0.44,0.1642,514,1
14507,2012-09-01,3,1,9,15,0,6,0,2,0.86,0.44,0.2836,563,1
14527,2012-09-02,3,1,9,11,0,0,0,2,0.74,0.7,0.0,489,1
14528,2012-09-02,3,1,9,12,0,0,0,3,0.74,0.7,0.0,545,1
14529,2012-09-02,3,1,9,13,0,0,0,3,0.72,0.74,0.0896,493,1
14533,2012-09-02,3,1,9,17,0,0,0,1,0.76,0.66,0.0896,503,1
14534,2012-09-02,3,1,9,18,0,0,0,1,0.74,0.74,0.0,500,1
14552,2012-09-03,3,1,9,12,1,1,0,2,0.76,0.62,0.2985,543,1
14553,2012-09-03,3,1,9,13,1,1,0,2,0.76,0.66,0.2537,566,1
14554,2012-09-03,3,1,9,14,1,1,0,1,0.74,0.7,0.2985,512,1
14556,2012-09-03,3,1,9,16,1,1,0,1,0.74,0.7,0.2239,500,1
14557,2012-09-03,3,1,9,17,1,1,0,1,0.74,0.7,0.1343,498,1
14558,2012-09-03,3,1,9,18,1,1,0,1,0.74,0.66,0.1642,482,1
14571,2012-09-04,3,1,9,7,0,2,1,2,0.68,0.89,0.1045,493,1
14572,2012-09-04,3,1,9,8,0,2,1,1,0.7,0.84,0.1642,632,1
14581,2012-09-04,3,1,9,17,0,2,1,1,0.76,0.7,0.3582,856,1
14582,2012-09-04,3,1,9,18,0,2,1,1,0.76,0.75,0.2239,839,1
14583,2012-09-04,3,1,9,19,0,2,1,1,0.76,0.7,0.2239,552,1
14595,2012-09-05,3,1,9,7,0,3,1,2,0.7,0.79,0.2537,500,1
14596,2012-09-05,3,1,9,8,0,3,1,1,0.72,0.74,0.194,725,1
14604,2012-09-05,3,1,9,16,0,3,1,1,0.76,0.7,0.2537,430,1
14605,2012-09-05,3,1,9,17,0,3,1,1,0.76,0.66,0.2537,863,1
14606,2012-09-05,3,1,9,18,0,3,1,1,0.76,0.75,0.194,839,1
14607,2012-09-05,3,1,9,19,0,3,1,1,0.74,0.7,0.1642,662,1
14619,2012-09-06,3,1,9,7,0,4,1,2,0.7,0.84,0.1045,482,1
14620,2012-09-06,3,1,9,8,0,4,1,3,0.7,0.79,0.0,646,1
14629,2012-09-06,3,1,9,17,0,4,1,1,0.74,0.7,0.2537,808,1
14630,2012-09-06,3,1,9,18,0,4,1,1,0.72,0.7,0.2537,835,1
14631,2012-09-06,3,1,9,19,0,4,1,1,0.68,0.74,0.2537,558,1
14643,2012-09-07,3,1,9,7,0,5,1,1,0.64,0.89,0.1045,486,1
14644,2012-09-07,3,1,9,8,0,5,1,1,0.66,0.83,0.1045,719,1
14653,2012-09-07,3,1,9,17,0,5,1,1,0.78,0.59,0.3284,772,1
14654,2012-09-07,3,1,9,18,0,5,1,1,0.76,0.62,0.2985,792,1
14655,2012-09-07,3,1,9,19,0,5,1,1,0.74,0.62,0.2836,568,1
14671,2012-09-08,3,1,9,11,0,6,0,1,0.76,0.62,0.4478,578,1
14672,2012-09-08,3,1,9,12,0,6,0,1,0.8,0.55,0.4925,694,1
14673,2012-09-08,3,1,9,13,0,6,0,1,0.82,0.52,0.5224,668,1
14674,2012-09-08,3,1,9,14,0,6,0,1,0.82,0.52,0.4478,626,1
14675,2012-09-08,3,1,9,15,0,6,0,3,0.56,0.88,0.2537,512,1
14694,2012-09-09,3,1,9,10,0,0,0,1,0.64,0.57,0.2985,495,1
14695,2012-09-09,3,1,9,11,0,0,0,1,0.66,0.47,0.2537,585,1
14696,2012-09-09,3,1,9,12,0,0,0,1,0.66,0.47,0.0,757,1
14697,2012-09-09,3,1,9,13,0,0,0,1,0.68,0.39,0.0,729,1
14698,2012-09-09,3,1,9,14,0,0,0,1,0.72,0.3,0.2836,647,1
14699,2012-09-09,3,1,9,15,0,0,0,1,0.72,0.32,0.2537,696,1
14700,2012-09-09,3,1,9,16,0,0,0,1,0.68,0.36,0.2836,701,1
14701,2012-09-09,3,1,9,17,0,0,0,1,0.7,0.37,0.2537,671,1
14702,2012-09-09,3,1,9,18,0,0,0,1,0.66,0.36,0.2537,560,1
14703,2012-09-09,3,1,9,19,0,0,0,1,0.66,0.36,0.2537,496,1
14716,2012-09-10,3,1,9,8,0,1,1,1,0.56,0.6,0.2836,730,1
14724,2012-09-10,3,1,9,16,0,1,1,1,0.66,0.34,0.3284,488,1
14725,2012-09-10,3,1,9,17,0,1,1,1,0.66,0.34,0.3284,871,1
14726,2012-09-10,3,1,9,18,0,1,1,1,0.62,0.35,0.2985,968,1
14727,2012-09-10,3,1,9,19,0,1,1,1,0.62,0.38,0.2985,633,1
14739,2012-09-11,3,1,9,7,0,2,1,1,0.5,0.72,0.1045,596,1
14740,2012-09-11,3,1,9,8,0,2,1,1,0.54,0.68,0.0896,750,1
14748,2012-09-11,3,1,9,16,0,2,1,1,0.7,0.28,0.1343,536,1
14749,2012-09-11,3,1,9,17,0,2,1,1,0.7,0.28,0.0,970,1
14750,2012-09-11,3,1,9,18,0,2,1,1,0.64,0.36,0.1642,877,1
14751,2012-09-11,3,1,9,19,0,2,1,1,0.62,0.41,0.194,596,1
14763,2012-09-12,3,1,9,7,0,3,1,1,0.52,0.72,0.0,557,1
14764,2012-09-12,3,1,9,8,0,3,1,1,0.56,0.64,0.1045,770,1
14772,2012-09-12,3,1,9,16,0,3,1,1,0.72,0.37,0.1642,509,1
14773,2012-09-12,3,1,9,17,0,3,1,1,0.7,0.41,0.2985,925,1
14774,2012-09-12,3,1,9,18,0,3,1,1,0.66,0.44,0.2537,977,1
14775,2012-09-12,3,1,9,19,0,3,1,1,0.64,0.5,0.194,635,1
14787,2012-09-13,3,1,9,7,0,4,1,1,0.54,0.77,0.0,571,1
14788,2012-09-13,3,1,9,8,0,4,1,1,0.56,0.73,0.0,758,1
14796,2012-09-13,3,1,9,16,0,4,1,1,0.72,0.39,0.0896,491,1
14797,2012-09-13,3,1,9,17,0,4,1,1,0.72,0.42,0.194,884,1
14798,2012-09-13,3,1,9,18,0,4,1,1,0.68,0.57,0.2537,852,1
14799,2012-09-13,3,1,9,19,0,4,1,1,0.64,0.65,0.1343,674,1
14812,2012-09-14,3,1,9,8,0,5,1,2,0.6,0.78,0.1642,766,1
14820,2012-09-14,3,1,9,16,0,5,1,2,0.72,0.51,0.0,563,1
14821,2012-09-14,3,1,9,17,0,5,1,1,0.72,0.51,0.194,894,1
14822,2012-09-14,3,1,9,18,0,5,1,1,0.72,0.45,0.2239,808,1
14823,2012-09-14,3,1,9,19,0,5,1,1,0.68,0.57,0.1642,579,1
14839,2012-09-15,3,1,9,11,0,6,0,1,0.64,0.38,0.3881,627,1
14840,2012-09-15,3,1,9,12,0,6,0,1,0.66,0.36,0.3582,706,1
14841,2012-09-15,3,1,9,13,0,6,0,1,0.68,0.36,0.194,704,1
14842,2012-09-15,3,1,9,14,0,6,0,1,0.68,0.34,0.3284,715,1
14843,2012-09-15,3,1,9,15,0,6,0,2,0.68,0.34,0.2836,654,1
14844,2012-09-15,3,1,9,16,0,6,0,2,0.66,0.36,0.2239,783,1
14845,2012-09-15,3,1,9,17,0,6,0,2,0.66,0.36,0.2537,729,1
14846,2012-09-15,3,1,9,18,0,6,0,2,0.64,0.36,0.2836,614,1
14862,2012-09-16,3,1,9,10,0,0,0,1,0.62,0.5,0.1045,490,1
14863,2012-09-16,3,1,9,11,0,0,0,1,0.64,0.47,0.1642,559,1
14864,2012-09-16,3,1,9,12,0,0,0,1,0.66,0.44,0.1642,656,1
14865,2012-09-16,3,1,9,13,0,0,0,1,0.64,0.41,0.1642,694,1
14866,2012-09-16,3,1,9,14,0,0,0,1,0.66,0.39,0.1343,635,1
14867,2012-09-16,3,1,9,15,0,0,0,1,0.64,0.41,0.1642,557,1
14868,2012-09-16,3,1,9,16,0,0,0,1,0.64,0.44,0.1642,596,1
14869,2012-09-16,3,1,9,17,0,0,0,1,0.66,0.41,0.0,570,1
14870,2012-09-16,3,1,9,18,0,0,0,1,0.62,0.5,0.1642,481,1
14883,2012-09-17,3,1,9,7,0,1,1,1,0.52,0.77,0.0,492,1
14884,2012-09-17,3,1,9,8,0,1,1,1,0.54,0.77,0.0896,683,1
14893,2012-09-17,3,1,9,17,0,1,1,2,0.64,0.65,0.2239,842,1
14894,2012-09-17,3,1,9,18,0,1,1,2,0.62,0.73,0.1642,774,1
14895,2012-09-17,3,1,9,19,0,1,1,2,0.62,0.73,0.1045,486,1
14908,2012-09-18,3,1,9,8,0,2,1,2,0.66,0.83,0.5522,672,1
14931,2012-09-19,3,1,9,7,0,3,1,1,0.52,0.63,0.2239,545,1
14932,2012-09-19,3,1,9,8,0,3,1,1,0.52,0.59,0.2239,797,1
14941,2012-09-19,3,1,9,17,0,3,1,1,0.6,0.38,0.2239,886,1
14942,2012-09-19,3,1,9,18,0,3,1,1,0.58,0.4,0.2836,892,1
14943,2012-09-19,3,1,9,19,0,3,1,1,0.56,0.43,0.2239,611,1
14955,2012-09-20,3,1,9,7,0,4,1,1,0.46,0.82,0.1045,534,1
14956,2012-09-20,3,1,9,8,0,4,1,1,0.5,0.68,0.0896,790,1
14965,2012-09-20,3,1,9,17,0,4,1,1,0.64,0.5,0.2239,976,1
14966,2012-09-20,3,1,9,18,0,4,1,1,0.6,0.56,0.2537,900,1
14967,2012-09-20,3,1,9,19,0,4,1,1,0.58,0.6,0.2239,603,1
14979,2012-09-21,3,1,9,7,0,5,1,1,0.52,0.77,0.0,503,1
14980,2012-09-21,3,1,9,8,0,5,1,1,0.54,0.73,0.1343,757,1
14988,2012-09-21,3,1,9,16,0,5,1,1,0.7,0.54,0.194,567,1
14989,2012-09-21,3,1,9,17,0,5,1,1,0.68,0.57,0.2836,846,1
14990,2012-09-21,3,1,9,18,0,5,1,1,0.66,0.61,0.2537,805,1
14991,2012-09-21,3,1,9,19,0,5,1,1,0.64,0.65,0.2537,588,1
15007,2012-09-22,3,1,9,11,0,6,0,1,0.7,0.58,0.2836,626,1
15008,2012-09-22,3,1,9,12,0,6,0,1,0.72,0.54,0.2985,688,1
15009,2012-09-22,3,1,9,13,0,6,0,1,0.74,0.51,0.3582,707,1
15010,2012-09-22,3,1,9,14,0,6,0,1,0.76,0.48,0.2836,654,1
15011,2012-09-22,3,1,9,15,0,6,0,1,0.74,0.48,0.3881,750,1
15012,2012-09-22,3,1,9,16,0,6,0,1,0.74,0.51,0.3284,680,1
15013,2012-09-22,3,1,9,17,0,6,0,1,0.74,0.51,0.3284,646,1
15014,2012-09-22,3,1,9,18,0,6,0,1,0.72,0.54,0.2836,598,1
15030,2012-09-23,3,1,9,10,0,0,0,1,0.54,0.45,0.2537,489,1
15031,2012-09-23,3,1,9,11,0,0,0,1,0.56,0.46,0.2537,570,1
15032,2012-09-23,3,1,9,12,0,0,0,1,0.56,0.43,0.1045,776,1
15033,2012-09-23,3,1,9,13,0,0,0,1,0.6,0.38,0.1642,702,1
15034,2012-09-23,3,1,9,14,0,0,0,1,0.6,0.38,0.194,666,1
15035,2012-09-23,3,1,9,15,0,0,0,1,0.6,0.33,0.2239,640,1
15036,2012-09-23,3,1,9,16,0,0,0,1,0.6,0.33,0.3284,691,1
15037,2012-09-23,3,1,9,17,0,0,0,1,0.56,0.35,0.2985,723,1
15038,2012-09-23,3,1,9,18,0,0,0,1,0.54,0.37,0.194,540,1
15051,2012-09-24,3,1,9,7,0,1,1,1,0.46,0.67,0.1343,530,1
15052,2012-09-24,3,1,9,8,0,1,1,1,0.5,0.55,0.194,750,1
15060,2012-09-24,3,1,9,16,0,1,1,1,0.58,0.3,0.2537,516,1
15061,2012-09-24,3,1,9,17,0,1,1,1,0.58,0.3,0.0,898,1
15062,2012-09-24,3,1,9,18,0,1,1,1,0.54,0.37,0.1642,853,1
15063,2012-09-24,3,1,9,19,0,1,1,1,0.52,0.39,0.1343,590,1
15064,2012-09-24,3,1,9,20,0,1,1,1,0.52,0.52,0.1045,432,1
15075,2012-09-25,3,1,9,7,0,2,1,1,0.44,0.77,0.194,556,1
15076,2012-09-25,3,1,9,8,0,2,1,1,0.48,0.67,0.194,805,1
15084,2012-09-25,3,1,9,16,0,2,1,1,0.66,0.39,0.2985,495,1
15085,2012-09-25,3,1,9,17,0,2,1,1,0.66,0.39,0.2836,967,1
15086,2012-09-25,3,1,9,18,0,2,1,1,0.64,0.41,0.2239,822,1
15087,2012-09-25,3,1,9,19,0,2,1,1,0.62,0.5,0.2537,539,1
15099,2012-09-26,3,1,9,7,0,3,1,1,0.54,0.77,0.1343,532,1
15100,2012-09-26,3,1,9,8,0,3,1,1,0.56,0.73,0.2985,838,1
15109,2012-09-26,3,1,9,17,0,3,1,1,0.74,0.48,0.2985,953,1
15110,2012-09-26,3,1,9,18,0,3,1,1,0.74,0.48,0.2239,884,1
15111,2012-09-26,3,1,9,19,0,3,1,1,0.7,0.54,0.1642,627,1
15112,2012-09-26,3,1,9,20,0,3,1,1,0.66,0.69,0.194,434,1
15123,2012-09-27,3,1,9,7,0,4,1,1,0.6,0.78,0.0,558,1
15124,2012-09-27,3,1,9,8,0,4,1,1,0.62,0.71,0.0896,794,1
15133,2012-09-27,3,1,9,17,0,4,1,2,0.66,0.69,0.2985,905,1
15134,2012-09-27,3,1,9,18,0,4,1,2,0.66,0.69,0.2239,899,1
15135,2012-09-27,3,1,9,19,0,4,1,1,0.66,0.65,0.1343,559,1
15148,2012-09-28,3,1,9,8,0,5,1,1,0.6,0.83,0.0896,705,1
15156,2012-09-28,3,1,9,16,0,5,1,2,0.66,0.5,0.2239,502,1
15157,2012-09-28,3,1,9,17,0,5,1,2,0.66,0.54,0.2985,808,1
15158,2012-09-28,3,1,9,18,0,5,1,2,0.64,0.5,0.2239,667,1
15159,2012-09-28,3,1,9,19,0,5,1,3,0.62,0.5,0.2537,508,1
15175,2012-09-29,3,1,9,11,0,6,0,1,0.56,0.52,0.2836,663,1
15176,2012-09-29,3,1,9,12,0,6,0,1,0.62,0.41,0.2985,682,1
15177,2012-09-29,3,1,9,13,0,6,0,1,0.62,0.41,0.2985,686,1
15178,2012-09-29,3,1,9,14,0,6,0,1,0.6,0.4,0.2537,750,1
15179,2012-09-29,3,1,9,15,0,6,0,1,0.6,0.43,0.2537,727,1
15180,2012-09-29,3,1,9,16,0,6,0,1,0.62,0.41,0.2537,722,1
15181,2012-09-29,3,1,9,17,0,6,0,1,0.6,0.38,0.3582,712,1
15182,2012-09-29,3,1,9,18,0,6,0,1,0.56,0.46,0.194,594,1
15198,2012-09-30,3,1,9,10,0,0,0,1,0.58,0.46,0.1642,479,1
15199,2012-09-30,3,1,9,11,0,0,0,1,0.6,0.43,0.2239,591,1
15200,2012-09-30,3,1,9,12,0,0,0,1,0.62,0.41,0.2985,680,1
15201,2012-09-30,3,1,9,13,0,0,0,1,0.62,0.41,0.2537,594,1
15202,2012-09-30,3,1,9,14,0,0,0,1,0.62,0.41,0.2537,612,1
15203,2012-09-30,3,1,9,15,0,0,0,1,0.64,0.36,0.2537,649,1
15204,2012-09-30,3,1,9,16,0,0,0,1,0.64,0.36,0.2239,648,1
15205,2012-09-30,3,1,9,17,0,0,0,1,0.62,0.35,0.2836,575,1
15219,2012-10-01,3,1,10,7,0,1,1,1,0.44,0.77,0.1642,483,1
15220,2012-10-01,3,1,10,8,0,1,1,2,0.46,0.77,0.1045,784,1
15229,2012-10-01,3,1,10,17,0,1,1,3,0.56,0.6,0.2537,856,1
15230,2012-10-01,3,1,10,18,0,1,1,3,0.56,0.64,0.1045,613,1
15231,2012-10-01,3,1,10,19,0,1,1,2,0.54,0.68,0.1045,516,1
15253,2012-10-02,3,1,10,17,0,2,1,3,0.62,0.88,0.1045,715,1
15254,2012-10-02,3,1,10,18,0,2,1,3,0.62,0.94,0.0896,687,1
15267,2012-10-03,3,1,10,7,0,3,1,2,0.6,0.94,0.194,515,1
15268,2012-10-03,3,1,10,8,0,3,1,2,0.62,0.88,0.1045,809,1
15277,2012-10-03,3,1,10,17,0,3,1,1,0.7,0.65,0.0,917,1
15278,2012-10-03,3,1,10,18,0,3,1,1,0.7,0.65,0.0,810,1
15279,2012-10-03,3,1,10,19,0,3,1,1,0.7,0.65,0.0,593,1
15280,2012-10-03,3,1,10,20,0,3,1,1,0.7,0.65,0.0,497,1
15292,2012-10-04,3,1,10,8,0,4,1,1,0.64,0.89,0.0,738,1
15300,2012-10-04,3,1,10,16,0,4,1,1,0.7,0.54,0.2836,497,1
15301,2012-10-04,3,1,10,17,0,4,1,1,0.7,0.51,0.2239,901,1
15302,2012-10-04,3,1,10,18,0,4,1,1,0.66,0.57,0.1045,887,1
15303,2012-10-04,3,1,10,19,0,4,1,1,0.66,0.57,0.1045,534,1
15316,2012-10-05,3,1,10,8,0,5,1,1,0.58,0.64,0.0,785,1
15324,2012-10-05,3,1,10,16,0,5,1,1,0.72,0.37,0.0,634,1
15325,2012-10-05,3,1,10,17,0,5,1,1,0.7,0.42,0.1642,900,1
15326,2012-10-05,3,1,10,18,0,5,1,1,0.64,0.57,0.1343,761,1
15327,2012-10-05,3,1,10,19,0,5,1,1,0.62,0.73,0.1642,500,1
15342,2012-10-06,3,1,10,10,0,6,0,1,0.62,0.69,0.2836,539,1
15343,2012-10-06,3,1,10,11,0,6,0,1,0.64,0.65,0.2537,647,1
15344,2012-10-06,3,1,10,12,0,6,0,1,0.7,0.54,0.1045,743,1
15345,2012-10-06,3,1,10,13,0,6,0,2,0.64,0.57,0.5224,710,1
15346,2012-10-06,3,1,10,14,0,6,0,2,0.6,0.56,0.4179,576,1
15347,2012-10-06,3,1,10,15,0,6,0,1,0.6,0.46,0.4179,620,1
15348,2012-10-06,3,1,10,16,0,6,0,1,0.6,0.43,0.5224,659,1
15349,2012-10-06,3,1,10,17,0,6,0,1,0.54,0.49,0.3881,610,1
15350,2012-10-06,3,1,10,18,0,6,0,1,0.52,0.48,0.4179,495,1
15397,2012-10-08,3,1,10,17,1,1,0,2,0.42,0.66,0.2537,497,1
15412,2012-10-09,3,1,10,8,0,2,1,2,0.42,0.8,0.194,713,1
15421,2012-10-09,3,1,10,17,0,2,1,2,0.52,0.68,0.1642,806,1
15422,2012-10-09,3,1,10,18,0,2,1,2,0.5,0.72,0.2239,784,1
15423,2012-10-09,3,1,10,19,0,2,1,2,0.5,0.72,0.1642,514,1
15435,2012-10-10,3,1,10,7,0,3,1,1,0.46,0.82,0.1045,507,1
15436,2012-10-10,3,1,10,8,0,3,1,1,0.5,0.77,0.1642,839,1
15444,2012-10-10,3,1,10,16,0,3,1,1,0.6,0.4,0.2239,566,1
15445,2012-10-10,3,1,10,17,0,3,1,1,0.58,0.43,0.2239,948,1
15446,2012-10-10,3,1,10,18,0,3,1,2,0.56,0.49,0.1642,844,1
15447,2012-10-10,3,1,10,19,0,3,1,2,0.56,0.46,0.5821,566,1
15460,2012-10-11,3,1,10,8,0,4,1,1,0.38,0.46,0.3881,798,1
15468,2012-10-11,3,1,10,16,0,4,1,1,0.5,0.36,0.1343,481,1
15469,2012-10-11,3,1,10,17,0,4,1,1,0.5,0.39,0.2836,827,1
15470,2012-10-11,3,1,10,18,0,4,1,1,0.46,0.44,0.1642,692,1
15471,2012-10-11,3,1,10,19,0,4,1,1,0.44,0.51,0.1343,743,1
15484,2012-10-12,3,1,10,8,0,5,1,1,0.42,0.71,0.0896,745,1
15492,2012-10-12,3,1,10,16,0,5,1,1,0.46,0.41,0.3582,520,1
15493,2012-10-12,3,1,10,17,0,5,1,1,0.46,0.38,0.3881,837,1
15494,2012-10-12,3,1,10,18,0,5,1,1,0.44,0.38,0.2985,642,1
15495,2012-10-12,3,1,10,19,0,5,1,1,0.42,0.41,0.2239,493,1
15511,2012-10-13,3,1,10,11,0,6,0,1,0.42,0.35,0.1343,527,1
15512,2012-10-13,3,1,10,12,0,6,0,1,0.44,0.35,0.0,573,1
15513,2012-10-13,3,1,10,13,0,6,0,1,0.46,0.36,0.194,670,1
15514,2012-10-13,3,1,10,14,0,6,0,1,0.48,0.33,0.194,597,1
15515,2012-10-13,3,1,10,15,0,6,0,1,0.5,0.36,0.194,615,1
15516,2012-10-13,3,1,10,16,0,6,0,1,0.5,0.31,0.194,637,1
15517,2012-10-13,3,1,10,17,0,6,0,1,0.46,0.38,0.1642,528,1
15535,2012-10-14,3,1,10,11,0,0,0,1,0.56,0.52,0.2985,494,1
15536,2012-10-14,3,1,10,12,0,0,0,1,0.62,0.46,0.3284,562,1
15537,2012-10-14,3,1,10,13,0,0,0,1,0.64,0.41,0.4478,619,1
15538,2012-10-14,3,1,10,14,0,0,0,1,0.66,0.39,0.4179,617,1
15539,2012-10-14,3,1,10,15,0,0,0,1,0.66,0.39,0.4179,568,1
15540,2012-10-14,3,1,10,16,0,0,0,1,0.64,0.41,0.2985,581,1
15541,2012-10-14,3,1,10,17,0,0,0,1,0.64,0.44,0.194,539,1
15556,2012-10-15,3,1,10,8,0,1,1,2,0.6,0.64,0.3881,737,1
15565,2012-10-15,3,1,10,17,0,1,1,1,0.56,0.64,0.2537,766,1
15566,2012-10-15,3,1,10,18,0,1,1,3,0.54,0.77,0.1343,592,1
15579,2012-10-16,3,1,10,7,0,2,1,1,0.42,0.67,0.0896,525,1
15580,2012-10-16,3,1,10,8,0,2,1,1,0.44,0.62,0.0,835,1
15589,2012-10-16,3,1,10,17,0,2,1,1,0.52,0.39,0.194,943,1
15590,2012-10-16,3,1,10,18,0,2,1,1,0.5,0.42,0.1642,838,1
15591,2012-10-16,3,1,10,19,0,2,1,1,0.48,0.48,0.0,531,1
15592,2012-10-16,3,1,10,20,0,2,1,1,0.46,0.55,0.0,432,1
15604,2012-10-17,3,1,10,8,0,3,1,2,0.4,0.76,0.0,817,1
15613,2012-10-17,3,1,10,17,0,3,1,1,0.54,0.56,0.1045,888,1
15614,2012-10-17,3,1,10,18,0,3,1,1,0.52,0.59,0.1642,884,1
15615,2012-10-17,3,1,10,19,0,3,1,1,0.5,0.72,0.194,516,1
15627,2012-10-18,3,1,10,7,0,4,1,1,0.44,0.88,0.2537,508,1
15628,2012-10-18,3,1,10,8,0,4,1,1,0.46,0.82,0.2537,834,1
15637,2012-10-18,3,1,10,17,0,4,1,2,0.58,0.64,0.3284,890,1
15638,2012-10-18,3,1,10,18,0,4,1,2,0.56,0.64,0.3284,788,1
15639,2012-10-18,3,1,10,19,0,4,1,2,0.56,0.68,0.2985,513,1
15660,2012-10-19,3,1,10,16,0,5,1,3,0.62,0.69,0.3582,565,1
15679,2012-10-20,3,1,10,11,0,6,0,1,0.54,0.52,0.2239,612,1
15680,2012-10-20,3,1,10,12,0,6,0,1,0.56,0.46,0.1045,703,1
15681,2012-10-20,3,1,10,13,0,6,0,1,0.56,0.43,0.1642,714,1
15682,2012-10-20,3,1,10,14,0,6,0,1,0.56,0.4,0.0,711,1
15683,2012-10-20,3,1,10,15,0,6,0,1,0.56,0.43,0.0,711,1
15684,2012-10-20,3,1,10,16,0,6,0,1,0.54,0.42,0.2836,691,1
15685,2012-10-20,3,1,10,17,0,6,0,1,0.54,0.37,0.2239,731,1
15686,2012-10-20,3,1,10,18,0,6,0,1,0.52,0.39,0.2239,521,1
15703,2012-10-21,3,1,10,11,0,0,0,1,0.52,0.44,0.3284,547,1
15704,2012-10-21,3,1,10,12,0,0,0,1,0.54,0.39,0.3284,675,1
15705,2012-10-21,3,1,10,13,0,0,0,1,0.56,0.37,0.2537,626,1
15706,2012-10-21,3,1,10,14,0,0,0,1,0.56,0.35,0.194,640,1
15707,2012-10-21,3,1,10,15,0,0,0,1,0.56,0.35,0.3284,623,1
15708,2012-10-21,3,1,10,16,0,0,0,1,0.54,0.37,0.2239,591,1
15709,2012-10-21,3,1,10,17,0,0,0,1,0.52,0.39,0.2537,491,1
15724,2012-10-22,3,1,10,8,0,1,1,1,0.44,0.67,0.0,728,1
15732,2012-10-22,3,1,10,16,0,1,1,1,0.62,0.33,0.1642,524,1
15733,2012-10-22,3,1,10,17,0,1,1,1,0.62,0.33,0.1045,922,1
15734,2012-10-22,3,1,10,18,0,1,1,1,0.54,0.64,0.1045,786,1
15735,2012-10-22,3,1,10,19,0,1,1,1,0.52,0.52,0.1045,514,1
15743,2012-10-23,3,1,10,3,0,2,1,1,0.44,0.77,0.1343,1,0
15747,2012-10-23,3,1,10,7,0,2,1,2,0.44,0.77,0.1045,531,1
15748,2012-10-23,3,1,10,8,0,2,1,2,0.46,0.72,0.0896,761,1
15756,2012-10-23,3,1,10,16,0,2,1,1,0.68,0.44,0.0896,541,1
15757,2012-10-23,3,1,10,17,0,2,1,1,0.68,0.41,0.0,938,1
15758,2012-10-23,3,1,10,18,0,2,1,1,0.62,0.53,0.0896,826,1
15759,2012-10-23,3,1,10,19,0,2,1,1,0.62,0.57,0.0896,482,1
15771,2012-10-24,3,1,10,7,0,3,1,1,0.5,0.88,0.0896,526,1
15772,2012-10-24,3,1,10,8,0,3,1,2,0.52,0.83,0.1045,801,1
15780,2012-10-24,3,1,10,16,0,3,1,1,0.74,0.33,0.1343,532,1
15781,2012-10-24,3,1,10,17,0,3,1,1,0.66,0.47,0.0,963,1
15782,2012-10-24,3,1,10,18,0,3,1,1,0.66,0.44,0.0,858,1
15783,2012-10-24,3,1,10,19,0,3,1,2,0.64,0.53,0.0896,572,1
15795,2012-10-25,3,1,10,7,0,4,1,2,0.52,0.88,0.194,495,1
15796,2012-10-25,3,1,10,8,0,4,1,2,0.52,0.83,0.1642,779,1
15804,2012-10-25,3,1,10,16,0,4,1,1,0.6,0.69,0.1642,499,1
15805,2012-10-25,3,1,10,17,0,4,1,1,0.6,0.69,0.1642,886,1
15806,2012-10-25,3,1,10,18,0,4,1,1,0.56,0.83,0.1045,809,1
15807,2012-10-25,3,1,10,19,0,4,1,1,0.54,0.83,0.194,542,1
15820,2012-10-26,3,1,10,8,0,5,1,2,0.54,0.88,0.1343,734,1
15828,2012-10-26,3,1,10,16,0,5,1,2,0.58,0.73,0.1642,582,1
15829,2012-10-26,3,1,10,17,0,5,1,2,0.56,0.76,0.194,817,1
15830,2012-10-26,3,1,10,18,0,5,1,2,0.56,0.78,0.1343,665,1
15846,2012-10-27,3,1,10,10,0,6,0,1,0.54,0.73,0.2836,479,1
15847,2012-10-27,3,1,10,11,0,6,0,1,0.56,0.64,0.2836,585,1
15848,2012-10-27,3,1,10,12,0,6,0,1,0.6,0.53,0.2537,668,1
15849,2012-10-27,3,1,10,13,0,6,0,1,0.6,0.43,0.2537,760,1
15850,2012-10-27,3,1,10,14,0,6,0,1,0.6,0.46,0.2537,750,1
15851,2012-10-27,3,1,10,15,0,6,0,2,0.56,0.6,0.2836,711,1
15852,2012-10-27,3,1,10,16,0,6,0,2,0.56,0.64,0.2836,612,1
15853,2012-10-27,3,1,10,17,0,6,0,2,0.56,0.64,0.2836,618,1
15870,2012-10-28,3,1,10,10,0,0,0,2,0.48,0.51,0.4179,434,1
15872,2012-10-28,3,1,10,12,0,0,0,2,0.48,0.59,0.4925,491,1
15904,2012-10-31,3,1,10,8,0,3,1,1,0.32,0.81,0.1343,621,1
15913,2012-10-31,3,1,10,17,0,3,1,2,0.4,0.58,0.1642,723,1
15914,2012-10-31,3,1,10,18,0,3,1,2,0.4,0.58,0.1642,584,1
15928,2012-11-01,3,1,11,8,0,4,1,2,0.36,0.56,0.1045,680,1
15937,2012-11-01,3,1,11,17,0,4,1,3,0.4,0.5,0.2239,689,1
15938,2012-11-01,3,1,11,18,0,4,1,2,0.4,0.5,0.1642,678,1
15952,2012-11-02,3,1,11,8,0,5,1,1,0.32,0.57,0.1045,687,1
15961,2012-11-02,3,1,11,17,0,5,1,1,0.38,0.4,0.3284,638,1
15962,2012-11-02,3,1,11,18,0,5,1,2,0.38,0.43,0.3284,522,1
16004,2012-11-04,3,1,11,12,0,0,0,1,0.38,0.46,0.2239,504,1
16005,2012-11-04,3,1,11,13,0,0,0,1,0.4,0.43,0.2239,493,1
16006,2012-11-04,3,1,11,14,0,0,0,1,0.4,0.4,0.194,509,1
16008,2012-11-04,3,1,11,16,0,0,0,1,0.4,0.4,0.3284,435,1
16024,2012-11-05,3,1,11,8,0,1,1,2,0.3,0.49,0.2239,648,1
16033,2012-11-05,3,1,11,17,0,1,1,1,0.34,0.46,0.2239,638,1
16034,2012-11-05,3,1,11,18,0,1,1,1,0.34,0.46,0.2239,542,1
16048,2012-11-06,3,1,11,8,0,2,1,1,0.22,0.69,0.1642,588,1
16057,2012-11-06,3,1,11,17,0,2,1,1,0.32,0.53,0.2239,627,1
16058,2012-11-06,3,1,11,18,0,2,1,1,0.32,0.57,0.2985,497,1
16072,2012-11-07,3,1,11,8,0,3,1,2,0.26,0.6,0.2836,601,1
16081,2012-11-07,3,1,11,17,0,3,1,2,0.32,0.53,0.3881,517,1
16095,2012-11-08,3,1,11,8,0,4,1,1,0.3,0.33,0.2836,668,1
16104,2012-11-08,3,1,11,17,0,4,1,1,0.4,0.2,0.2985,592,1
16105,2012-11-08,3,1,11,18,0,4,1,1,0.4,0.24,0.4179,507,1
16119,2012-11-09,3,1,11,8,0,5,1,1,0.32,0.57,0.1642,693,1
16127,2012-11-09,3,1,11,16,0,5,1,1,0.46,0.38,0.1642,434,1
16128,2012-11-09,3,1,11,17,0,5,1,1,0.42,0.44,0.1343,654,1
16129,2012-11-09,3,1,11,18,0,5,1,1,0.42,0.44,0.1045,496,1
16147,2012-11-10,3,1,11,12,0,6,0,1,0.48,0.48,0.0,606,1
16148,2012-11-10,3,1,11,13,0,6,0,1,0.52,0.39,0.0,651,1
16149,2012-11-10,3,1,11,14,0,6,0,1,0.54,0.37,0.0,627,1
16150,2012-11-10,3,1,11,15,0,6,0,1,0.52,0.45,0.0,567,1
16151,2012-11-10,3,1,11,16,0,6,0,1,0.54,0.37,0.0,605,1
16152,2012-11-10,3,1,11,17,0,6,0,1,0.5,0.45,0.194,501,1
16170,2012-11-11,3,1,11,11,0,0,0,1,0.46,0.59,0.1343,504,1
16171,2012-11-11,3,1,11,12,0,0,0,1,0.5,0.48,0.0896,585,1
16172,2012-11-11,3,1,11,13,0,0,0,1,0.54,0.45,0.1045,686,1
16173,2012-11-11,3,1,11,14,0,0,0,1,0.6,0.33,0.1642,654,1
16174,2012-11-11,3,1,11,15,0,0,0,1,0.56,0.37,0.2239,724,1
16175,2012-11-11,3,1,11,16,0,0,0,1,0.54,0.42,0.2239,653,1
16176,2012-11-11,3,1,11,17,0,0,0,1,0.54,0.45,0.1642,493,1
16191,2012-11-12,3,1,11,8,1,1,0,1,0.42,0.82,0.1642,540,1
16199,2012-11-12,3,1,11,16,1,1,0,1,0.56,0.64,0.1642,434,1
16200,2012-11-12,3,1,11,17,1,1,0,1,0.56,0.64,0.2836,596,1
16201,2012-11-12,3,1,11,18,1,1,0,1,0.52,0.72,0.1343,551,1
16224,2012-11-13,3,1,11,17,0,2,1,1,0.34,0.49,0.3582,608,1
16225,2012-11-13,3,1,11,18,0,2,1,1,0.34,0.49,0.2836,559,1
16233,2012-11-14,3,1,11,2,0,3,1,1,0.24,0.6,0.2985,1,0
16239,2012-11-14,3,1,11,8,0,3,1,1,0.28,0.56,0.2985,691,1
16248,2012-11-14,3,1,11,17,0,3,1,1,0.32,0.49,0.194,583,1
16249,2012-11-14,3,1,11,18,0,3,1,1,0.32,0.53,0.1642,567,1
16263,2012-11-15,3,1,11,8,0,4,1,2,0.3,0.61,0.2239,646,1
16272,2012-11-15,3,1,11,17,0,4,1,2,0.36,0.57,0.2239,563,1
16273,2012-11-15,3,1,11,18,0,4,1,2,0.36,0.57,0.194,573,1
16287,2012-11-16,3,1,11,8,0,5,1,2,0.32,0.57,0.1343,711,1
16296,2012-11-16,3,1,11,17,0,5,1,1,0.36,0.46,0.194,580,1
16297,2012-11-16,3,1,11,18,0,5,1,1,0.34,0.53,0.1642,505,1
16316,2012-11-17,3,1,11,13,0,6,0,1,0.42,0.38,0.2537,525,1
16317,2012-11-17,3,1,11,14,0,6,0,1,0.42,0.38,0.194,555,1
16318,2012-11-17,3,1,11,15,0,6,0,1,0.42,0.35,0.2985,549,1
16359,2012-11-19,3,1,11,8,0,1,1,2,0.36,0.66,0.2985,663,1
16368,2012-11-19,3,1,11,17,0,1,1,2,0.42,0.58,0.194,619,1
16369,2012-11-19,3,1,11,18,0,1,1,2,0.4,0.58,0.2537,580,1
16383,2012-11-20,3,1,11,8,0,2,1,1,0.34,0.71,0.1343,665,1
16392,2012-11-20,3,1,11,17,0,2,1,2,0.4,0.71,0.1642,590,1
16393,2012-11-20,3,1,11,18,0,2,1,2,0.4,0.66,0.0896,550,1
16407,2012-11-21,3,1,11,8,0,3,1,2,0.28,0.81,0.0896,551,1
16450,2012-11-23,3,1,11,3,0,5,1,1,0.26,0.7,0.0,1,0
16461,2012-11-23,3,1,11,14,0,5,1,1,0.5,0.36,0.2537,435,1
16527,2012-11-26,3,1,11,8,0,1,1,1,0.24,0.65,0.0,638,1
16536,2012-11-26,3,1,11,17,0,1,1,1,0.42,0.32,0.0,553,1
16537,2012-11-26,3,1,11,18,0,1,1,1,0.36,0.5,0.1642,521,1
16551,2012-11-27,3,1,11,8,0,2,1,3,0.32,0.81,0.1642,500,1
16560,2012-11-27,3,1,11,17,0,2,1,2,0.3,0.75,0.3881,527,1
16561,2012-11-27,3,1,11,18,0,2,1,1,0.26,0.81,0.3582,482,1
16569,2012-11-28,3,1,11,2,0,3,1,2,0.26,0.75,0.2239,1,0
16575,2012-11-28,3,1,11,8,0,3,1,1,0.24,0.6,0.2836,692,1
16584,2012-11-28,3,1,11,17,0,3,1,1,0.34,0.31,0.1343,563,1
16585,2012-11-28,3,1,11,18,0,3,1,1,0.32,0.33,0.2836,542,1
16598,2012-11-29,3,1,11,8,0,4,1,1,0.2,0.69,0.1045,679,1
16607,2012-11-29,3,1,11,17,0,4,1,1,0.34,0.39,0.194,561,1
16608,2012-11-29,3,1,11,18,0,4,1,1,0.32,0.49,0.1642,537,1
16622,2012-11-30,3,1,11,8,0,5,1,2,0.22,0.8,0.0896,729,1
16631,2012-11-30,3,1,11,17,0,5,1,1,0.36,0.5,0.194,582,1
16632,2012-11-30,3,1,11,18,0,5,1,2,0.34,0.61,0.0,509,1
16651,2012-12-01,0,1,12,13,0,6,0,2,0.34,0.76,0.0,509,1
16652,2012-12-01,0,1,12,14,0,6,0,2,0.36,0.71,0.0,479,1
16653,2012-12-01,0,1,12,15,0,6,0,2,0.4,0.62,0.0,484,1
16674,2012-12-02,0,1,12,12,0,0,0,2,0.34,0.81,0.1642,520,1
16675,2012-12-02,0,1,12,13,0,0,0,1,0.4,0.71,0.2239,431,1
16694,2012-12-03,0,1,12,8,0,1,1,1,0.36,0.93,0.0,731,1
16703,2012-12-03,0,1,12,17,0,1,1,1,0.52,0.63,0.1045,708,1
16704,2012-12-03,0,1,12,18,0,1,1,1,0.5,0.68,0.0896,692,1
16717,2012-12-04,0,1,12,7,0,2,1,1,0.42,0.88,0.1343,502,1
16718,2012-12-04,0,1,12,8,0,2,1,2,0.44,0.88,0.1642,721,1
16726,2012-12-04,0,1,12,16,0,2,1,1,0.58,0.49,0.2836,435,1
16727,2012-12-04,0,1,12,17,0,2,1,1,0.52,0.59,0.2239,743,1
16728,2012-12-04,0,1,12,18,0,2,1,1,0.5,0.63,0.2239,731,1
16742,2012-12-05,0,1,12,8,0,3,1,2,0.44,0.58,0.2836,759,1
16751,2012-12-05,0,1,12,17,0,3,1,1,0.44,0.35,0.2836,605,1
16752,2012-12-05,0,1,12,18,0,3,1,1,0.42,0.35,0.4478,609,1
16766,2012-12-06,0,1,12,8,0,4,1,1,0.22,0.51,0.2985,659,1
16775,2012-12-06,0,1,12,17,0,4,1,1,0.3,0.45,0.1045,617,1
16776,2012-12-06,0,1,12,18,0,4,1,1,0.28,0.45,0.1642,565,1
16799,2012-12-07,0,1,12,17,0,5,1,2,0.38,0.66,0.0,568,1
16800,2012-12-07,0,1,12,18,0,5,1,2,0.38,0.71,0.1045,498,1
16818,2012-12-08,0,1,12,12,0,6,0,2,0.4,0.87,0.2239,486,1
16819,2012-12-08,0,1,12,13,0,6,0,2,0.4,0.87,0.1642,547,1
16820,2012-12-08,0,1,12,14,0,6,0,2,0.4,0.87,0.2836,542,1
16821,2012-12-08,0,1,12,15,0,6,0,1,0.42,0.82,0.1642,541,1
16822,2012-12-08,0,1,12,16,0,6,0,1,0.42,0.82,0.1642,507,1
16862,2012-12-10,0,1,12,8,0,1,1,2,0.42,1.0,0.2537,584,1
16871,2012-12-10,0,1,12,17,0,1,1,2,0.48,0.82,0.2836,616,1
16872,2012-12-10,0,1,12,18,0,1,1,2,0.46,0.88,0.2836,564,1
16880,2012-12-11,0,1,12,2,0,2,1,2,0.4,0.66,0.3284,1,0
16886,2012-12-11,0,1,12,8,0,2,1,2,0.34,0.61,0.2985,724,1
16895,2012-12-11,0,1,12,17,0,2,1,1,0.32,0.53,0.2239,601,1
16896,2012-12-11,0,1,12,18,0,2,1,1,0.32,0.53,0.2239,546,1
16897,2012-12-11,0,1,12,19,0,2,1,1,0.32,0.53,0.2239,433,1
16910,2012-12-12,0,1,12,8,0,3,1,2,0.26,0.65,0.1642,688,1
16919,2012-12-12,0,1,12,17,0,3,1,2,0.32,0.53,0.2239,561,1
16920,2012-12-12,0,1,12,18,0,3,1,2,0.32,0.49,0.2239,540,1
16934,2012-12-13,0,1,12,8,0,4,1,1,0.24,0.6,0.194,679,1
16943,2012-12-13,0,1,12,17,0,4,1,1,0.32,0.42,0.1045,550,1
16958,2012-12-14,0,1,12,8,0,5,1,1,0.2,0.69,0.0896,636,1
16967,2012-12-14,0,1,12,17,0,5,1,1,0.34,0.57,0.1642,622,1
17030,2012-12-17,0,1,12,8,0,1,1,2,0.38,0.87,0.1045,592,1
17039,2012-12-17,0,1,12,17,0,1,1,2,0.4,0.94,0.2537,495,1
17040,2012-12-17,0,1,12,18,0,1,1,2,0.4,0.94,0.0896,507,1
17054,2012-12-18,0,1,12,8,0,2,1,1,0.38,0.94,0.0,662,1
17063,2012-12-18,0,1,12,17,0,2,1,1,0.4,0.47,0.4478,572,1
17064,2012-12-18,0,1,12,18,0,2,1,1,0.38,0.46,0.3284,525,1
17078,2012-12-19,0,1,12,8,0,3,1,1,0.24,0.87,0.1045,678,1
17087,2012-12-19,0,1,12,17,0,3,1,1,0.4,0.5,0.3881,562,1
17088,2012-12-19,0,1,12,18,0,3,1,1,0.38,0.5,0.3582,569,1
17102,2012-12-20,0,1,12,8,0,4,1,2,0.3,0.7,0.0,599,1
17216,2012-12-25,0,1,12,4,1,2,0,2,0.24,0.87,0.0896,1,0
17238,2012-12-26,0,1,12,2,0,3,1,2,0.26,0.65,0.2985,1,0
17263,2012-12-27,0,1,12,3,0,4,1,2,0.24,0.87,0.2239,1,0
17359,2012-12-31,0,1,12,3,0,1,1,1,0.16,0.59,0.1045,1,0
