x,y,class
-1.5032858469887673,-2.138264301171185,0
-1.3523114618993075,-0.47697014359197465,0
-2.234153374723336,-2.2341369569491807,0
-0.42078718449260855,-1.232565270847091,0
-2.469474385934952,-1.4574399564140355,0
-2.4634176928124623,-2.465729753570257,0
-1.7580377284339659,-3.913280244657798,0
-3.7249178325130328,-2.562287529240973,0
-3.0128311203344236,-1.685752667404726,0
-2.908024075521211,-3.4123037013352917,0
-0.534351231078446,-2.225776300486536,0
-1.9324717953120762,-3.424748186213457,0
-2.5443827245251827,-1.889077410290134,0
-3.1509935774223026,-1.624301981654328,0
-2.6006386899188048,-2.291693749793277,0
-2.601706612229397,-0.14772181549106222,0
-2.013497224737934,-3.0577109289559004,0
-1.1774550878968109,-3.2208436499710222,0
-1.7911364049952445,-3.959670123879776,0
-3.3281860488984307,-1.8031387641308765,0
-1.2615334200045896,-1.8286317188100294,0
-2.1156482823882405,-2.3011036955892887,0
-3.4785219903674274,-2.7198442083947088,0
-2.4606387709597874,-0.9428777737810843,0
-1.6563817104315386,-3.763040155362734,0
-1.675916030605205,-2.3850822804163165,0
-2.6769220003059586,-1.3883237111591322,0
-0.969000477504049,-1.0687198808838014,0
-2.8392175232226387,-2.3092123758512146,0
-1.6687365685964362,-1.0244548728776408,0
-2.47917423784529,-2.185658976663817,0
-3.106334974006028,-3.196206624080671,0
-1.187474177605802,-0.6437599714291771,0
-2.072010121580334,-0.9964671021079758,0
-1.638363974952366,-2.6451197546051244,0
-1.638604394491586,-0.4619634335340308,0
-2.0358260391099514,-0.4353563441859938,0
-4.619745104089745,-1.178097495624776,0
-1.9129529317618288,-2.2990073504658675,0
-1.9082392234644976,-3.987568914600893,0
-2.219671887837512,-1.6428874284882535,0
-0.5221059552584839,-2.5182702182736474,0
-2.8084936028931877,-2.5017570435845364,0
-1.0845978822979259,-1.6712488903403155,0
-2.529760203767039,-1.4867325668866438,0
-1.9029224506519595,-1.0313550094671107,0
-2.7020530938773524,-2.3276621465977683,0
-2.3921081531321575,-3.4635149481321186,0
-1.703879722935424,-1.7389447278201107,0
-1.9948865433575391,-2.234587133375147,0
-3.4153707420504142,-2.420645322765359,0
-2.3427145165267693,-2.802277269221619,0
-2.161285711666009,-1.5959491431854615,0
-0.1138140987894698,-1.825422187168161,0
-1.7424496092772357,-2.074445915766167,0
-3.9187712152990413,-2.0265138754492167,0
-1.9397697900589737,0.46324211248528613,0
-2.1923609647811224,-1.6984526576663876,0
-2.0347117697052433,-3.1686780376195323,0
-0.8571771854849795,-1.2480669673132259,0
-1.208968052956953,-2.909387454794739,0
-0.5972056890639008,-3.401851062792281,0
-1.4131429061997296,0.19045562580997855,0
-2.9905363251306882,-2.566297729602772,0
-1.9003486349123588,-2.5034756541161993,0
-3.5506634310661327,-1.9314370251939728,0
-3.062303713726105,-1.5264075693648185,0
-2.9194242342338033,-0.45006559498246057,0
-2.783253292336237,-2.3220615162056757,0
-1.1864827826303301,-3.230864316433955,0
-1.7725400653958705,-0.6928572457175719,0
-3.6074832345612275,-1.8153661414676958,0
-1.7401172057515764,-1.2181771282226896,0
-3.236950710878082,-3.3204566130842763,0
-1.4780584343831022,-1.703015326766814,0
-1.7495071496541235,-1.6535517905030244,0
-2.6800247215784907,-1.7677463028389964,0
-1.7069275267013189,-2.714351418026368,0
-0.13422548885524344,-1.5261670790882125,0
-3.1913034972026484,-1.3434463913661703,0
-2.9746816702273216,-1.2129153962575479,0
-0.8414044209925959,-2.8206823183517105,0
-1.0366238707556783,-1.5872190730635016,0
-1.1779398400055099,-0.10320701734605264,0
-2.2453881160028706,-2.7537361643574894,0
-2.8895144296255233,-2.8158102849654383,0
-2.077101709414104,-1.6588480251833562,0
-1.723309200669981,-1.1728167509639762,0
-1.9869981081220929,-0.5464659228426831,0
-2.264656833237956,0.7201691665896188,0
-1.374332652234994,-2.8571575564162828,0
-3.070892498061112,-1.5175275847568148,0
-2.223462785325851,-1.285999505907908,0
-1.5267623754264552,-2.0728289126568726,0
-2.846793718068405,-3.5148472246858646,0
-2.4465149520670213,-1.1436012056765277,0
-1.785906255869796,-3.245738778711988,0
-1.826819074148818,-1.6146826202711633,0
-2.883857436201133,-1.846274894054472,0
-1.9417912815540002,-3.1429702978306233,0
-1.6422126396517167,-1.4392154736317657,0
-0.916948756824723,-0.946197947965097,0
-3.377669367957091,-2.937825039915123,0
-1.4849647327913402,-1.486214049087791,0
-1.484952313693952,1.8527314906547212,0
-1.429109489306833,-0.8644343598194011,0
-1.0459982365067977,-1.348608748694202,0
-2.3152692446403456,-1.2410307795067326,0
-2.772825214537572,-2.236818606740009,0
-2.4853635478291034,-1.9181258606136775,0
0.31465856667350867,-3.867265192591748,0
-1.3137398096254866,-3.6127158711896517,0
-2.4719318657894336,-0.9110494030326339,0
-1.9357199809045373,-3.077744777929306,0
-2.715303709259968,-1.3204022510653242,0
-2.7303666317171364,-1.7835414104180252,0
-1.9544281600961861,-2.651600347605817,0
0.14394408932532565,-1.3660809776819889,0
-4.025142586657607,-1.8135456852305722,0
-2.661786464768388,-1.147566665203776,0
-2.7925207384327004,-2.114736441466899,0
-1.4950127210195427,-1.1342448058298786,0
-3.2002964070557764,-2.3345012358409485,0
-2.474945311160956,-2.6533292325737117,0
-0.23454575971890312,-1.5950182890390445,0
-3.2608839543350454,-1.0821380529452238,0
0.12215619701263325,-0.9675347394488532,0
-3.5193699659540134,-2.4842340728662515,0
-0.7330888508133773,-2.707669465618781,0
-1.5561805718537716,-1.2253659465706632,0
-2.926930471578083,-2.0595253560618,0
-5.241267340069072,-3.0243876413342896,0
-2.2525681513931604,-3.2477831819648495,0
-0.36758869606836475,-3.4301413779606325,0
-2.440044486696984,-1.8692594227139088,0
-0.5587267109338845,-3.4358621511794394,0
-0.8368362478450404,-1.989766938980413,0
-2.981508651047951,-1.5378965257367292,0
-1.80094030442653,-2.6002168771587946,0
-1.930197915009981,-2.38531359686176,0
-1.8864826547487519,-1.3378693254789533,0
-0.41398318385464794,-3.237815498826849,0
0.13303337465626663,-3.952087799522502,0
-2.1517850950355832,-1.4116827935154235,0
-1.7190081322649673,-2.6226995198205936,0
-2.2081222503572753,-2.493000934658833,0
-2.5893647569442115,-1.1503979029789755,0
-1.6429845140349526,-2.6929095952606543,0
-1.1004001245667494,-1.6927004791233906,0
-1.18713788116104,-1.3703711580763878,0
-2.828995010922072,-2.5601810401969693,0
-1.2527063948767383,-1.3896297345665352,0
-2.020901593964148,-1.882672616691218,0
-0.7223351042115751,-2.59157138883583,0
-1.452902618829962,-2.202192652433894,0
-2.21768120322722,-0.9012231480128099,0
-1.1745836510119703,-1.1864903639993614,0
-0.6945211928456709,-1.9789961583672409,0
-1.318047028705036,-2.310266756593456,0
-1.6758336475115578,-2.1301430543676845,0
-1.9030040350072819,-1.4048429745630864,0
-2.8182206832334726,0.09238727568546024,0
-3.006017381499702,-3.214188612787732,0
-0.8418891264999322,-1.2083373060370641,0
-1.3758801829478449,-1.37165449073572,0
-2.0122467728469147,-2.8972543714858316,0
-1.9241954418062737,-2.677161711512112,0
-1.0248802665822487,-2.1470573815021385,0
-2.8254971967925115,-2.3213858416529933,0
-1.5870685457243756,-2.5637245528039747,0
-2.8222203955664313,-1.7563127885080876,0
-1.7550334288912772,-2.5069431753711298,0
-2.4710383056183227,-1.7679500626423637,0
-3.4480843414973243,-3.4074637743765552,0
-2.718444221252436,-2.213447151711847,0
-1.6890924344019953,-0.524643783050448,0
-1.1423403767979807,-2.1599385299634273,0
-2.019016207902689,-3.002529364637809,0
-2.01851313599239,-2.2886586389201384,0
-1.6772814396619105,-2.827230943552323,0
-1.4806534857588276,-0.4672610869974223,0
-2.1087601484568577,-1.5982882779010585,0
-1.3098560082888875,-2.401220471885836,0
-1.7759075181895831,-1.9874075992182052,0
-1.9023239014511684,-2.7730097838554664,0
-1.9754898257410574,-1.5020017087545503,0
-0.5488563922049583,-1.040729173914793,0
0.15318245751155635,-2.7673475628880495,0
-1.1276793632793218,-1.8166579942616483,0
0.18980293321767228,-2.8082982853551517,0
-2.839721842180776,-2.599392645444022,0
-4.123895724309807,-2.525755021680761,0
-2.759132661553698,-1.8496062135237923,0
-1.6582440242228405,-0.12382916078411377,0
-1.0495761618139499,-2.576903655662403,0
-2.898414671348358,-1.5080808284934943,0
-3.3202332070206424,-0.16854123414564626,0
-0.820559879278713,-2.469175652104705,0
-3.7131345290908775,-0.6461276258345872,0
-2.114539845252618,-0.7621836880265382,0
-3.594427658794367,-2.599375022953773,0
-1.994756300281817,-1.953019406235258,0
-2.4500654714792436,-1.3771500676525013,0
-3.067620429382594,-2.1423794850212934,0
-1.8797043682881012,-1.485561165941251,0
-1.2883851219111102,-3.1246420918378695,0
-3.5341141707356223,-0.7223231781014909,0
-1.6676859880204082,-2.7484865365565536,0
-0.44884802447747707,-1.8843253657071413,0
-0.8207028159361736,-1.9324815185898911,0
0.0607479248819871,-0.24465915755679557,0
-2.2489641484790734,-1.0284290490456445,0
-1.3546240504148526,-0.6313684424676513,0
-2.9649234605801045,-1.3139485400015607,0
-0.9415755131504122,-3.7587394864231145,0
-3.183258512665775,-4.0392321777601,0
-2.269406834444558,-1.2824577442040377,0
-0.4976429479039719,-1.9259052195802249,0
-0.37138445442870816,-3.3801014582148916,0
-3.7033824393551544,-2.0555476988966186,0
-1.6159345510606928,-2.032694748094093,0
-4.067442100039877,-2.0891200395127885,0
-3.304469500504853,-1.3303274511699614,0
-1.6334017539031518,-2.939879786327355,0
-2.5138669173366934,-3.0592135218889513,0
-2.062679097273172,-1.0448576794987616,0
-2.985726046335544,-1.4959534844821556,0
-2.530257618372441,-2.7928728322623444,0
-2.1070303599545577,-3.035242322419374,0
-2.5536493053471823,-3.1978778925888482,0
-0.03527486708361072,-1.9647364480282714,0
-2.6997255079925857,-1.786020089265778,0
-2.11232804969083,-2.220969599533223,0
-1.3858332999565748,-1.242492289952695,0
-2.5305011476105275,-2.57581824064468,0
-2.275051697151644,-4.301921164735585,0
-3.5151910621985523,-0.6331257325554753,0
-0.3550322864987163,-2.2490360395563784,0
-1.4234430369442337,-1.688749845456464,0
1.0788808084552377,-0.8804250885654232,0
-2.1279175914807666,-2.9555404406004255,0
-3.6064463202575725,-1.796536364132777,0
-2.7563507452843035,-3.4222537095976744,0
-2.6465728842425267,-3.0815480036143947,0
-0.31285836492743524,-1.1183602430505495,0
-2.0079726413166172,-0.5200558611099741,0
-1.9226316923523816,-2.8612842013282638,0
-0.47687592273034274,-1.4610899563153414,0
-3.037246154326456,-2.190338678083608,0
-2.875618253384757,-3.382799730964336,0
-1.0738224524683586,-0.09058335952986951,0
-3.3985675738191414,-1.437030763309429,0
-2.650642569121827,-2.4871253837646963,0
-2.592393924238869,-2.863990769679816,0
-1.951478372055173,-2.8309501164110378,0
-1.7295431742201612,-2.050238109449137,0
-2.2389480468664096,-2.907563662041598,0
-2.5767713305683326,-1.244608774174244,0
-1.4990828123756192,-2.977555244798551,0
-1.9006676945707741,-1.248612876628211,0
-3.6694052811213718,-1.456639807620065,0
-2.6626237589458466,-1.4294013314068406,0
-2.763259156542517,-3.804882100664519,0
-3.6275424378831627,-1.951915053338618,0
-1.740277498278518,-2.904316625104409,0
-1.361407541222626,-3.66152006226896,0
-2.0660797986473165,-3.2110161997624567,0
-2.651836107802159,-1.952601328683586,0
-2.8604133652839523,-2.3845555442298254,0
-0.9937071907855595,-2.576891869523149,0
-1.164307887934858,-3.129706854657618,0
-1.470195822084717,-0.5584313793420996,0
-4.471644500127289,-2.796895255470477,0
-1.4229278728194599,-2.2030453860429926,0
-1.6288541266286911,-2.6039851867158204,0
-1.9134102125271002,-2.1556772353920794,0
-0.8322179383401926,-1.7455791566987868,0
-1.6623973379247978,-2.4118769661224673,0
-2.4876062240724934,-2.432558187819621,0
-1.605547857621703,-2.420984480820263,0
-1.710225143103587,0.0754007986454388,0
-1.1288752965683075,-2.326023532167841,0
-0.7987860778360552,-2.4080753730215516,0
-4.038124535177854,-3.0080863109174043,0
-3.8707919210258557,-2.3515134840413086,0
-1.9815816208104482,-0.3235626877247173,0
-1.6730726262358373,-2.2191005288088643,0
-1.1705944188165107,-4.211135309007885,0
-1.764385441891434,-1.2291348061130332,0
-3.4785862457798418,-0.8562459567930709,0
-1.6615035925055859,-2.4152879139008014,0
-1.367218133893715,0.2706928578043959,0
-1.818133744941505,-1.7517794136996638,0
-2.4593608995402443,-2.8498443694647917,0
-1.1696641834557544,-2.8560838259088674,0
-1.9284337627806076,-2.4776574467651167,0
-1.521020174253608,-1.6663378947130516,0
-0.9624600557421008,-2.510016398854747,0
-2.2698749352933714,-2.9787637157823075,0
-2.444293260076112,-1.6226995069551478,0
-1.2430113833546481,-2.9221653241776253,0
-1.13039407989434,-0.6443621411950491,0
-1.5865650967762992,-0.12320418744193407,0
-2.773789199103573,-3.244654703311417,0
-3.7787202489042784,-0.503955688510817,0
-1.3456343436459424,-2.0555846709104553,0
-1.7200313736801798,-3.1254890472983767,0
0.44575197961682633,-1.8707788180247724,0
-1.890605205395107,-1.274233376101308,0
-1.5189907682632868,-1.7761159757208687,0
-2.790474455445312,-1.5285316428640043,0
-0.11797550352496633,-0.6545799538450223,0
-0.40681337336060297,-2.5112156764311853,0
-2.989604820258581,-2.125786920099648,0
-1.9442750877113053,-0.9058084815290515,0
-3.692464629714819,-0.4704496805393863,0
-2.1580078985789894,-2.42688106994742,0
-3.0121043752601677,-3.6548566718657693,0
-1.1768294160380854,-1.9266820328115961,0
-3.289960899741054,-3.295078772063616,0
-2.3357846992901283,-0.33097847471060704,0
-2.259591351363605,-3.503142953118106,0
-2.245743064085944,-2.2727235697476704,0
-4.696886642941571,-2.0542948665178122,0
-2.230934530208678,-1.3037936351865818,0
-0.15104390505465481,-0.8734349704522426,0
-2.2688886905548307,-3.1065259087416703,0
0.5733598032498604,-1.9407815659855117,0
-1.9860707080870539,-2.0241250871100034,0
-1.8019152392321451,-2.1443604119239423,0
-2.5736620068802365,-2.546858941240392,0
-2.0327532702159985,-2.5434247711337648,0
-2.7128457826771646,-1.893569772308103,0
-2.2549772174208553,-0.4960070114173114,0
-4.650969808393012,-0.9084931480775382,0
-0.7539148075023709,-4.0733902324081495,0
-2.3426875940803487,-2.3714408659957913,0
-3.4075116947178214,-2.7778166875908754,0
-3.1105758454658288,-0.2477295565763773,0
-1.064321606852539,-0.7284449050058412,0
-1.278327935956765,-3.129051771217229,0
-2.5245202662797737,-1.5106254387720819,0
-3.2221278088919454,-1.2870015698276118,0
-2.2403253981581353,-2.3748208075495976,0
-1.2890400317965085,-1.5557366885139603,0
-2.3609661658190797,-0.8406701966357519,0
-3.0810633275998973,-1.3840643930557364,0
-1.4068987420316161,-2.30954643931399,0
-1.673866977757882,-3.251113576385303,0
-1.0759729807930989,-2.184902136442989,0
-2.5227230205190394,-0.9509907741631107,0
-2.704343690542759,-3.4084612963635594,0
-3.5566291735239037,-1.3939900486543604,0
-3.280429352496283,-0.24520581801563535,0
-4.081929407883722,-0.3035436317099618,0
-1.7889825327973816,-2.0967131118703923,0
-2.5449190868089495,-1.6008638856479291,0
-2.0376347024248482,-0.8966981179834785,0
-1.8857723513379603,-1.8496982385381224,0
-2.363612212213856,-2.0569456237210675,0
-1.6921982311079409,-3.710168392656626,0
-3.348185422105713,-1.2567359059772851,0
-1.829134561872058,-2.183983336352679,0
-1.981566066934607,-1.652418294638329,0
-2.5397596803093614,-2.7783047254023128,0
-1.8041547449023185,-2.978372777615032,0
-1.591747244285528,-3.7025836042378404,0
-0.9708443626743564,-1.527402517586957,0
-1.7439702656861242,-1.0173090160544862,0
-0.33452555553742336,-0.9856299349818696,0
-3.8408742313316453,-3.2795769667357018,0
-2.6248185776956787,-1.9739089497891662,0
-1.482340979530877,-2.7257438131534655,0
-1.8132332355229217,-2.7553829323533225,0
-2.611517802991948,-3.4066610968482225,0
-2.9232332461109043,-3.3516846056163336,0
-2.975873252977333,-0.9463582033921605,0
-2.949398888831943,0.6323820648373908,0
-1.5066820991191108,-1.815163876305126,0
-2.8583577801812137,-1.2996901205910087,0
-2.5756378262377737,-1.8779901853546386,0
0.5600845382687947,-2.09605989972465,0
-0.8507266737143242,-2.7031764251258874,0
-2.0349884904969615,-0.22919936436449007,0
-2.6269670577877675,-0.18755144200307128,0
-1.2922480645445247,-2.5624667758942676,0
-1.367592260944479,-1.0274455503732702,0
-1.3781900377828036,-3.570224719890456,0
-2.7271371758248684,-2.2475186355515047,0
-2.074433429100046,-1.379327902449322,0
-1.8222989990667462,-3.3353443587101013,0
-1.6198021489940369,-1.389414254716177,0
-1.4402095520689602,-0.9192192744453782,0
-1.1660778454510958,-1.5408199207715634,0
-2.070165711458647,-3.6609609335159914,0
-1.570381780867414,-1.7923123128368887,0
-1.7284211628046267,-3.276748575820309,0
-3.0810565404082624,-0.9468471466670965,0
-2.039555153856655,-1.3184993026273757,0
-1.971681623869539,-1.9702438605042547,0
-1.0617161940240023,-2.516044728217374,0
-1.9038792230590167,-2.4622752887050425,0
-2.4344962274323154,-2.3091721234686395,0
-1.7778662283662872,-2.4787486216634775,0
-0.7442438744264792,-2.894607302219504,0
-2.186871644161359,-2.439731058274175,0
-0.5530221156462671,-1.8034452234884253,0
-0.9681554605313651,-3.485560373036972,0
-1.7329497341307412,-1.110369204376563,0
-1.9177160107245759,-0.9345196249346488,0
-2.5172884501003723,-0.5906525598144201,0
0.2988981236192503,-2.362838560439659,0
-2.4455025214007717,-0.5466155228822991,0
-0.42042785426928764,-2.522860027153268,0
-2.4201868170958574,-2.2817846088605074,0
-3.3444505110342773,-2.9186519464841982,0
-3.0041407667520676,-2.7677975651041287,0
-2.0346848873867813,-1.7657852674634793,0
-0.44949950718592313,-2.998354040738791,0
-1.0156776015234161,-2.213988844225509,0
-2.049463709652433,-1.3251805078333962,0
-3.1227220215622986,-1.6175902538159495,0
-1.8335477917869438,-1.507548735991851,0
-1.710831356092182,0.45530013991089424,0
-2.637739984251316,-2.5309969550018176,0
-2.6231405264247645,-2.5554771191602548,0
-2.6373871273065177,-0.8109834688924482,0
-0.5794957520101451,-2.570746293749476,0
-2.8323555731042287,-1.528584443613596,0
-2.5522230442809715,-1.3670681822444892,0
-1.7970769791487002,-3.515744114997232,0
-0.45249479866993836,-0.2041223269044783,0
-2.6127886904843862,-2.387701559935984,0
-1.714134609275095,-1.665543210012975,0
-1.3414557273271694,0.010204538766349636,0
-2.1769472274940496,-2.7982972445384537,0
-3.379319228014527,-2.730930039941919,0
-2.0331269728737973,-0.20544213648221232,0
-2.5176112990361714,-1.7762120483611015,0
-2.016422896072752,-0.811606726551916,0
0.5269324258736217,-2.5308687729203205,0
-2.489439442518222,-0.955839122930928,0
-1.3181085103736887,-0.15329267426396642,0
-1.416071814674036,-2.3592920907870596,0
-1.4093451693076906,-0.8912964194170923,0
-1.179517818802636,-1.4927259688927021,0
-0.9333253104108461,-0.8307044095543272,0
-0.6178410089624728,-1.3512901124103573,0
-2.1671180803168544,-1.8532863135666773,0
-0.7934910334916432,-2.816935670987236,0
-1.6313266911270987,-2.393338812327361,0
-1.9712551770651825,-0.7215481373927013,0
-1.8089009319800966,-1.9535634518438512,0
-3.359856140979919,-1.2537464339727793,0
-1.3545158188589246,0.1632547233054602,0
-2.307778234953001,-1.780849672336061,0
-1.7506163162892447,-0.4225467202365256,0
-2.095295532386952,-1.7209784742296608,0
-1.3921034902834608,-1.813390876843642,0
-2.446433614550528,-1.8059100071016925,0
-0.926368250140228,-3.0265152994110602,0
-1.867030325853124,-2.700120814939173,0
-0.8049533710751575,-3.523186904783775,0
-2.5589218472715882,-1.6227881249354792,0
-0.4344759707656596,-2.0657502610729876,0
-2.5551995266931984,-0.11884293055940987,0
-3.4480139004162442,-4.198805956620082,0
-1.5599855499466675,-2.5020542243526114,0
-3.0212328171307132,-1.2916435527006467,0
-1.7561992862288012,-2.5640786307367285,0
-3.2803043986708946,-1.1275426717198553,0
-1.349798822041339,-2.099175863779383,0
-0.15336300395233415,-3.0700847663261523,0
-3.525525170924739,-2.6919080698812445,0
-2.045586016355498,-1.756660550677308,0
-2.2412360578563297,-1.6479446034857033,0
-3.251539424190444,-0.5562353959267405,0
-2.082151178392569,-0.8827041684118724,0
-1.657274653622296,-1.543246780846216,0
-1.4302327197677962,-1.552291439982685,0
-1.357277240132456,-0.6708474698675686,0
-1.8034788302985298,-1.2909962424114876,0
-2.089735694287227,-0.5598827845505272,0
-2.67639230205927,-0.19905956708918437,0
-2.0401579506443435,-3.430775102118048,0
-1.8718955850892107,-2.681051657474881,0
-1.159356451011276,-2.652623979302391,0
-2.4461834332147796,-3.889540730945531,0
-2.4523063192490766,-4.423879326628956,0
-3.5839028234857233,-1.2395853438557025,0
-1.214199841349168,-1.5745424382150353,0
-2.966976143129213,-2.04771135614198,0
-2.0036025390905685,-3.1583646891925428,0
-0.4966016982328494,-1.1226377094243287,0
-2.220964173829664,-1.9731141610054692,0
-1.7916171920524475,-4.041734868424291,0
-2.2471773825205967,-2.6819842479977987,0
-3.0016200098949155,-2.281100292885955,0
-0.20231347315047743,-1.3591571387329902,0
-2.571178989782797,-1.4274172186438414,0
3.399355436586002,2.924633682912769,1
2.0596303699201743,1.353063222294426,1
2.69822331361359,2.3934853854217497,1
2.8951932200277324,2.6351718016819694,1
3.049552715319335,1.4647647884394321,1
3.3173940656343257,2.1975996046923996,1
4.0752608726252655,1.3108121819104321,1
3.7359638031652493,2.197910783462648,1
1.3485819963855517,1.5161141659456785,1
1.6796526918056798,2.4241659464019163,1
2.5228354880354997,1.426299996061421,1
1.975645407739017,4.142270358611864,1
3.727543170100711,2.436323669674032,1
2.0380034781682004,2.1200313267182613,1
2.6135179727304165,0.9772074348015944,1
1.7426234625766548,0.33141592612241055,1
2.3992231226052794,2.647195939702741,1
1.516813537700626,3.5739867632900326,1
0.7742343369976588,0.5356251197901798,1
2.224451818559972,3.0470983026121545,1
3.6839276914578685,1.54111573713106,1
3.078680833431296,1.9614915304992928,1
1.8273727000591804,2.8836599374866725,1
2.6523228784134196,0.4236078430157506,1
3.4765403497258958,3.3800913541474515,1
1.3744372984904705,2.395803533437409,1
2.494030186282739,2.260673765823907,1
1.4496948461545798,1.3283766320619486,1
1.9744459290085548,3.1727290192593647,1
2.5436001545944324,1.629385667913894,1
2.771698710648345,-0.8485426206300755,1
3.1487657003721035,0.26028622122190037,1
1.6375590585968678,0.8803301053738561,1
0.7053185242790942,3.1608267873785194,1
1.5322987986881087,2.346503881730716,1
1.953079421120816,2.4770408272231217,1
2.076821891060255,0.7170077758114304,1
2.99626681944714,1.5062434168386876,1
0.44341810134024895,1.5718848390340874,1
3.500759790634311,2.8502217421134928,1
1.6513478655921408,1.6507422956815712,1
1.6783649487826173,4.076747983560841,1
2.3819354522315535,2.4300416471910697,1
3.030283454031842,2.2387891590265134,1
1.740957854179297,1.8036501509150218,1
1.928398740585936,1.9627777634901584,1
2.7276295436369797,2.0519458858072994,1
2.732640077215579,1.9192834198914177,1
2.0786351903160907,0.0017993154678923595,1
2.9163276747024813,2.346488475897993,1
2.9980101098596523,-0.8962553781936893,1
4.088374704780728,1.8604103718448262,1
3.1081828167375165,0.9600940728744691,1
2.6127739050625696,0.9465844368263439,1
1.3762310393041948,3.914031353866786,1
1.8093175992366535,2.217432873179723,1
2.870067730688754,2.4956818879726046,1
2.1504189051435763,2.3649610024662255,1
4.403415585238275,1.9423812029664147,1
2.2010990467149676,3.0506543960076122,1
3.105525932957984,3.18703030556038,1
2.6387302220291846,0.8569950872695165,1
3.633431532301096,0.853654606981312,1
2.302635465239033,1.2457241499806422,1
1.9358616534070074,2.3287624103034803,1
2.321357215450273,2.421920754235285,1
3.613711269058647,2.45353430151398,1
1.7558433647093512,2.964087168288357,1
3.1894704889246404,0.7723921848630075,1
2.597400069849858,2.701172742310898,1
1.702436496640008,3.3757068133116195,1
1.8499444129674734,2.1255764534715422,1
1.8269281757161304,2.0155790475814674,1
0.9037249131047982,0.5599491174057056,1
3.594505063224972,1.1530386516816722,1
1.0086076505436927,-0.1533901136037148,1
1.3610382523104978,0.6769102065925017,1
3.642015160136369,3.009817089342634,1
1.3118496548222762,4.252435805344309,1
2.9817654869915944,1.6751686164913775,1
-0.4994057148735731,4.290942572590742,1
0.610427533236404,0.3546012530431082,1
3.0225704320096405,4.439752406339273,1
3.384272818510518,2.56390912005236,1
2.594754341665286,2.853415558780308,1
2.7589285897867653,2.281191423969376,1
2.104201103951876,1.9374068721004776,1
1.2460354111333238,1.719324923133226,1
0.30704318580461454,1.9016603732052502,1
1.0114088928490825,0.8964106827842291,1
2.1798941511534786,3.3920022863445993,1
2.918316606002313,0.429499396376823,1
1.0103718634296626,2.940771187988216,1
1.0175126064616904,1.7753668500029753,1
2.550052099024552,1.0316555451363647,1
2.10537550614596,0.6659745050817956,1
1.3986323560487863,2.319781934142537,1
0.4070062664683307,2.440474737960399,1
1.9803622010733188,2.5524899544171475,1
2.2239141340646613,3.364140429973844,1
2.125224502647907,1.570594458874747,1
2.122297503032284,2.543298029036388,1
2.0488600703257043,2.040591691203882,1
1.2980083121932446,1.3370990824490518,1
0.5973947282003065,3.7495767431869393,1
0.7561367646087149,1.3070948022040927,1
1.2815927344308027,2.8949243769444415,1
1.7050503217079722,3.247742072673734,1
1.3265093757561315,2.278994162223802,1
1.1646529467402427,4.145149127773388,1
0.8124015809704872,2.3098207102270276,1
2.6337768809320985,2.4137990974514985,1
1.8147123411222916,1.8701793002665739,1
2.0438114719791094,1.8529979983715115,1
2.9638791167949097,4.210523001591351,1
1.4425082149921664,0.6301970204209222,1
1.9117179516487453,4.579709337654318,1
1.1963254320302692,3.6391168054440675,1
3.6777008140764407,1.4464117582920055,1
2.5689830791852755,3.628396623128538,1
1.6208722590125129,1.7964196398976382,1
1.4183190860513561,0.9852432693071331,1
1.350722454933993,0.7760597332377435,1
2.034083468259226,1.2300267689413582,1
2.233785911790748,0.4441043537963727,1
2.330880232214457,2.8335289616089248,1
0.006264357428544587,2.374056569847572,1
3.2276689924732924,0.7903589813087946,1
3.6725723868377034,2.4190190093660453,1
1.2949881442415911,1.944230922342294,1
2.5583269125217223,2.0760053914124117,1
2.538755992446369,1.0793264069206336,1
2.1693608240360778,0.5862855030950198,1
1.8887739386512996,1.0960923585352103,1
1.2644700574102334,3.2360931752104376,1
3.091310120594269,2.609138120907177,1
0.907687235327421,1.6835915503051981,1
3.2130976999791834,2.141716913639905,1
4.319329539981695,2.393317839394372,1
2.1920491164900318,1.6908835357974987,1
2.1335409047822824,1.847530163619456,1
2.7081086766885907,2.9567023167945843,1
1.2140105394920506,0.668767046442222,1
0.16379462689670343,2.507991326912544,1
0.8966333938261264,-0.15289059295248286,1
2.3885786045309643,4.492999517432791,1
1.9939290884601066,2.8384907744516417,1
2.081829358547565,1.9011103468088573,1
2.9190764829877685,1.7097254558113486,1
2.267392314071903,2.3216978061960134,1
1.3319095463569512,2.992042349536523,1
1.8250402433045914,1.2442548405071552,1
2.5365098435704034,1.1015320182089627,1
2.0281811573691284,1.9908810033557964,1
3.085895565831578,2.4746982328799527,1
1.974973041254856,2.817766299200287,1
3.3902075490173136,2.557810306351862,1
2.0103526198433808,0.6881637676498404,1
0.9348863369246274,1.6947752956453324,1
1.3904877978407169,1.813028697014554,1
2.056649924897107,2.5296927543567307,1
1.929501221940909,2.4865016438262018,1
2.06447441481012,0.0245334336461287,1
1.0606646061812457,1.8559124442783845,1
0.7903052571588924,2.5999287299962046,1
3.5307508323436974,3.218761851697317,1
1.786557129069792,3.4907261368499523,1
2.1486674572021114,1.6629140288819606,1
1.3865973364590602,1.6975303135118716,1
1.6118231814587713,2.1704162223754877,1
2.1605739810498648,2.0030460201534144,1
2.43693816974635,3.1906462747863413,1
2.949554135441324,0.5151020315500965,1
-0.5539211349019548,2.9343199112392737,1
0.6331213015845789,1.7752345981073165,1
0.8298869739406405,0.1980195624199803,1
2.541462728204788,2.759155160302647,1
1.4234895992732806,-0.5910422921449099,1
1.4537555517475171,2.3918040054025465,1
0.5210884312258712,2.1833599197791558,1
1.9846901508270045,2.5792914996010885,1
2.1195803684141534,1.0269310591184446,1
3.1965715016644913,1.84147042697303,1
1.9726954604900682,1.066732040926804,1
1.5567177488084898,1.1151972859730992,1
1.827053940076577,3.7117084801423434,1
0.6280988570686437,0.38643860212325887,1
3.4711703274936085,1.790676322848134,1
1.3309272613400833,3.0399046873960764,1
1.394384460263136,3.826009713546936,1
2.6779258713392693,1.5120885918542974,1
4.1573082132655035,1.3942850769966615,1
2.742095372009307,2.299292580406492,1
3.301741289398798,3.561511196726853,1
2.0320041490657665,1.2465821296538167,1
2.4599721429391166,1.3222846302478939,1
4.013387247526623,2.1365353310827375,1
1.6346784486878914,2.1846803058649082,1
0.6528737104703035,1.0283859614893485,1
3.2004139079444256,1.3431057210286044,1
0.9530890173180604,2.536652752527286,1
3.185704154662997,2.718953310665067,1
2.9960476858058165,1.2432049114305392,1
0.5781893332581562,3.5013336519554867,1
1.6773201611578643,1.7491669835449526,1
3.3281941418490577,2.55623000940066,1
2.4558877720816077,4.165002344901084,1
1.356481769619857,2.927840128081237,1
2.0570131248970847,2.268592278863257,1
3.5284684264125317,2.507835756289624,1
2.538296079049633,3.072507337309802,1
1.6350472704571146,1.1607903326609936,1
0.9551908059789664,0.03364341062399823,1
4.056207129940322,0.8967916342783169,1
1.778746376414228,1.7231867001110794,1
2.3074066978091006,2.8157372125392968,1
2.8604734883597454,1.4169225614310617,1
1.8328782862135884,2.2825799504882998,1
1.7513088738164528,3.6073455760199926,1
2.4909749516382513,2.7348777860498172,1
2.662881268667413,3.173473857485325,1
2.1810215587037067,0.7031680520441534,1
2.3996879517526417,1.348643106208171,1
1.4713833182502432,2.586364018755093,1
3.238283071433636,2.0212715767360616,1
2.3088330125989636,3.702214944635238,1
2.2407531794885682,4.601683114180394,1
2.5655096456315443,0.2392372408441823,1
2.7533416211045325,2.3811583848827778,1
3.2897527540827456,2.6731813512699585,1
1.8615440160162262,0.7757017637106343,1
1.7909767427139747,1.1494795457906999,1
1.4194765501952773,2.5885784044206095,1
3.6699045043514062,2.3946715298229813,1
0.8041169379648156,2.4446026682201407,1
3.196631486645651,1.390217095680618,1
1.8659828333270823,2.0146881947291972,1
1.21510168691776,2.6482804338438592,1
1.8790518513922185,2.419532443907028,1
1.1125078221979,1.5625416996765895,1
2.7223813578277714,1.627166847908233,1
3.726963851233405,1.6003638143853975,1
2.224684725751886,2.9325908318730898,1
0.5816342670669683,0.23919118801922412,1
0.47434368542990524,3.262584103427182,1
1.4481418541075533,4.558199285668252,1
1.4357524013426115,2.184551303197037,1
3.5421099525678756,4.006092888159123,1
4.061503576636397,3.2083662305931426,1
3.0240625258114626,2.592526949201183,1
2.7783610761666377,1.4488142836714666,1
1.181801116577693,1.996625542589048,1
1.8298153774750716,1.5467719506727249,1
2.6963874474567153,2.9553052085705107,1
2.0884068862918475,3.477530081055262,1
0.858310885866495,1.806340540720282,1
1.2831776793971952,0.13346338292694004,1
1.9173193141573008,1.8782524916167165,1
3.513449743242131,2.6308116845547778,1
0.9758131756707951,3.854092566334188,1
3.221033695525353,2.582097703468616,1
1.773515901150168,1.0405607632765204,1
1.627793223928947,3.088748619704186,1
3.884586305934609,3.543243528272189,1
1.511150578213726,0.8803825667109888,1
2.140886246911204,0.23156063443714836,1
2.3231677141847813,1.8523974137013313,1
1.5339634981317578,0.40529693273320455,1
2.5136001065697164,1.4672991603380887,1
0.830083164289712,-0.8722622132816493,1
1.9724850949493637,3.772251596669744,1
3.66125921454787,1.5429037434137283,1
1.3977879396382193,2.4687742560750237,1
1.0016145608117086,2.3017918998194657,1
2.76608027838469,3.2269332238843074,1
1.899845923520047,1.7963262498230341,1
1.122017413243439,1.1731196459601398,1
1.7735211080984732,2.367365506816178,1
2.9135846262332494,1.1968210493196552,1
3.4926885689595215,1.7288763989574312,1
1.9786327056515638,1.2527883208521766,1
-0.4242402602729416,2.8840453963610497,1
2.7368438970924336,1.7186724428817866,1
2.066990717224872,2.5159392177040996,1
0.4374541431134573,1.4709473226537053,1
2.7942646796218273,0.7457105768307506,1
2.293557932166629,0.643418195376595,1
2.4664299824335263,1.9643585177025165,1
0.38486818409449053,3.164739354457171,1
1.2654084232019507,1.1897475629856191,1
2.200569197230943,3.148637349428715,1
0.984178181021603,2.061679849847972,1
2.428816500330573,2.693105607263144,1
2.176441555277225,1.6329721609166776,1
1.1724097793512804,2.0861438830463745,1
0.9278609880143931,-0.9213504834946074,1
2.436559804157668,2.9039348410861954,1
-0.3629324355418384,0.9902692952900625,1
2.619154261005198,4.057495469711698,1
2.020793707675408,1.2719970587708656,1
1.8171035588951598,3.374876419148185,1
1.3540358208754646,1.2008079933497464,1
1.5172564778179676,1.0466713917412878,1
2.1226703159947955,3.6246784584695604,1
2.3230792731160292,1.7476464978737125,1
1.708188731084456,0.43680919130334295,1
2.883109777147159,1.922162802987198,1
1.8195200864093743,5.19310756784486,1
2.298752908365686,1.2482089499048157,1
1.5736424037944567,3.148445709196755,1
2.1132704105377647,0.5617220216826333,1
2.9192289345752034,1.331855914461006,1
3.8732977762175453,3.0800480657146485,1
1.5526781043412488,3.281016361735113,1
2.0678555105274032,2.8527736751222195,1
2.484732817294475,1.1536433450091264,1
1.356450167682538,3.029960817581161,1
1.665224667893459,1.5963515367580032,1
1.044877420650647,2.423599065593461,1
4.062524919243145,0.9324670857457271,1
2.0242194566727583,3.4122205554154292,1
1.9203586087542848,2.452371796249734,1
0.9376064718531203,2.4283070972076484,1
1.8128557349954513,2.985729995679863,1
3.187386051564751,4.589563642018614,1
2.5796331732135758,2.3257963165821662,1
2.194384301577336,1.6468337071893115,1
2.3384838434616912,1.7045985898609706,1
2.168460976269614,3.31759753560796,1
0.9934574347203589,3.1398785611290454,1
3.3171150673398655,1.8819314730089212,1
-0.12185489900859459,1.3921780129055676,1
3.296994546561109,1.9771319377011178,1
1.0006977677050892,1.4952250787717825,1
2.840620026504553,2.5467335682013794,1
1.7610679008303056,1.6331755881853125,1
1.608241850956178,1.0775898155014976,1
3.6153756894694418,1.67767953078866,1
3.2171585208254965,3.5213160519224513,1
2.9983108981479605,1.5683796872819515,1
2.4037300903366097,1.9758043936090839,1
1.0962981392698719,2.3243592817216028,1
0.8209602088401975,3.1876793884615635,1
1.535382702701607,2.2011596558728392,1
2.283287871546142,1.7410950262959226,1
2.586693801475275,1.5250963433774756,1
2.871297297457244,0.6540203197532515,1
2.1263795795464118,3.9389289990582848,1
0.9996686753944253,1.3222550294751485,1
2.513907849658915,2.179581781939598,1
2.3506300992735594,2.4891871301476636,1
2.6347214685617697,3.109699841956223,1
2.4098186569285125,1.7587423453814575,1
2.6725737012027313,3.8998819348952156,1
1.8673662536174265,1.0254706953293584,1
3.107080669286973,1.8796188360464017,1
-0.17266954601403617,2.8474216771504217,1
1.4646718140460773,1.9094667176958393,1
2.3319803305690145,2.1904996797790663,1
2.7094518171390396,1.5645136294301567,1
2.513105798176083,1.7404533224160827,1
2.738810480887503,2.6153674840130536,1
1.0645612979554047,3.0859821161750323,1
1.464036554885952,2.808057798281145,1
2.3672873134013406,3.8381836767951225,1
1.7765340176281479,1.6506832038818025,1
1.9805803941122675,1.6968202171657245,1
2.79994190194205,0.3836893915634121,1
0.9463175808536459,0.9321970784208069,1
2.9503075919735755,3.7106133725819253,1
1.8955507814625285,1.8311782768099893,1
2.070052163113181,3.1618783026081907,1
1.072646865809426,2.238368982734785,1
2.97519762978243,2.5010941699398455,1
2.189581616598743,3.001046092567141,1
-0.7032322929992372,2.6778753195309077,1
1.3459243168725763,0.16936710314354309,1
2.5112025995249807,3.3736585451629577,1
1.8625514853723082,2.952874547202939,1
3.6122782579886454,3.3149144535840476,1
3.639964529371393,2.7421274910718925,1
2.075433638901593,0.39803418810283153,1
1.7539375118700513,1.1567534046838084,1
4.170942717497814,1.8241141875676634,1
2.1232048067844858,2.5514853760404677,1
2.0436024463724536,3.6950510404307533,1
1.377350638265548,2.1946074552372425,1
1.2575294143019518,0.6799774887792942,1
1.3882309090947147,1.962963202951588,1
1.57069777548274,1.307579020126144,1
0.5936825363281661,1.9168944273713053,1
0.49527962596899777,2.7600559636896027,1
2.082439752934503,0.5424485005350694,1
1.6907909229501366,1.2478435944094168,1
2.3191745104191805,3.3404504460231443,1
0.12482753035425542,2.1150260791474174,1
1.8398672044333595,2.671340076450466,1
2.2131966282376894,1.248030668261181,1
1.6809460643333818,1.203974143196511,1
3.076007138598598,2.0213116486719422,1
3.9011906857530074,1.9393391861853793,1
1.2915932330895372,0.48628560738717286,1
0.19686032374405493,0.41586405699451023,1
2.2671266510114836,2.5087250232299336,1
0.4188092979678666,2.8950383140761153,1
1.5169389483165605,2.146793011985549,1
3.6122206282554243,2.896839315865532,1
1.7314693520941677,1.1088077745847125,1
-0.15181540132930493,1.28084668075758,1
1.7888697611723057,1.0128204728488162,1
1.8687430329076953,2.0768518829587683,1
1.7751440181919214,1.3499974191765403,1
2.1686546719667277,2.441940649569409,1
0.909600922557154,3.41093237974627,1
1.9014118677157383,2.0188496229448476,1
2.7082144232565573,2.2332161312635015,1
2.953136633913245,2.287124165201824,1
1.387562625359562,2.3615035252061016,1
0.8562737926793382,2.108559705776523,1
1.9667700093555391,1.7918831427274604,1
1.8714624885610693,0.1181509545023609,1
1.4512750922590385,2.0928449011411145,1
2.1598563919974003,0.9723248590740419,1
3.2657078408647005,1.1338251517854991,1
2.969457200526737,2.4271943618716847,1
1.3537726901561968,3.775310892609512,1
0.80636316824352,2.9191541736100017,1
3.0005823180429783,1.3293797909233551,1
3.3924653000643286,1.7499534854010472,1
2.288693629279857,2.2603218387712207,1
1.8656912585294523,2.810808273159782,1
2.793488720552213,0.25146802676181923,1
3.3043402428781525,0.33750801196432567,1
3.0325462043416573,3.1267051368275833,1
0.9090335697848018,1.5891857120454151,1
0.8942953315140643,1.7850789697112646,1
1.6919657158142587,2.77966053226934,1
3.3103087461196083,3.395683810789956,1
1.437831973421698,1.7907781262554723,1
0.31656180777904974,1.1941299335038114,1
2.9648516330974575,3.6155828235482317,1
0.765651128120078,1.4075357408471056,1
1.973594243041073,2.280161158819607,1
1.1903964800783537,2.4240610444640898,1
1.5261606529290839,1.985547729121721,1
2.5462842480036993,2.0064222698109377,1
1.5636141094734315,1.8903901960741691,1
1.9116370407946648,1.6299889701178722,1
1.7412039373328976,3.5986471705047167,1
2.560919447941239,1.7045196819708397,1
2.696954404510736,1.66618051024399,1
3.1731246375866413,2.3696421921980937,1
1.8926978559957712,2.4477169258102776,1
0.4291238479315007,0.8732325310901947,1
0.8060749936009446,2.142943094763707,1
3.732514999485092,4.231300146192632,1
2.638051101440757,2.500844474944457,1
0.19894226584726105,1.4573262002659781,1
1.212216248091761,1.3791524017488839,1
1.8318561814152103,1.5279094223028726,1
0.020700189624212273,2.747910256117534,1
0.9272569742601935,2.2392468641111494,1
4.0740826697499735,1.0806154084135766,1
-0.5302875227463297,1.7139957781198891,1
3.100959634998571,3.958347454220594,1
0.7704504055475832,2.4966992232365217,1
1.5346895432199466,1.8940516456958643,1
4.644343347017035,0.4970296716048468,1
2.2537396614945733,2.467693171765433,1
3.085786324939347,2.0979831534708953,1
2.3080505395041024,1.608351432578209,1
2.269126941245107,1.6568077245025896,1
2.621571889856051,1.630389663956366,1
2.3771003939021864,1.9707371863150216,1
3.126050250772168,1.9486062764115137,1
0.22696753179311857,3.2619215007139917,1
1.0942676991373812,1.3462336613511803,1
1.404338705956508,3.3744380931708173,1
-0.1356742139786955,5.137748533659994,1
3.056056809066052,2.2232389141291597,1
1.9451059993837136,2.285554074857657,1
2.5211224283793383,2.645215585950057,1
2.5556044660034485,2.089580681255249,1
1.802661579692674,1.8487267163464882,1
1.805091719647319,3.1337700968670648,1
2.5935567222808618,-0.9403886346642802,1
2.655900776529761,2.1947361947187747,1
1.9812912435541026,1.6114815469111141,1
3.1241127199860133,2.947526462122858,1
1.2271223321763909,2.407052287124535,1
1.0283432654587141,0.6203818352110695,1
1.373282775410035,2.8623934723827587,1
2.953125045376087,2.513085420097293,1
2.725095786847997,2.5161782871149585,1
1.3585184047770478,2.4319225446739408,1
2.8004095252276824,2.754291329813574,1
3.188913371474643,2.708303847201064,1
2.351448207541583,3.0701502383164274,1
1.97347874075094,1.1181253487722822,1
1.8369330360562361,1.255097355193551,1
